Fetch_Time,Symbol,Expiry_Date,CALLS_LTP,Strike_Price,PUTS_LTP
30-Apr-2025 09:26:45,NIFTY,2025-12-24,0.0,13000,0.0
30-Apr-2025 09:26:45,NIFTY,2025-06-26,0.0,14000,0.0
30-Apr-2025 09:26:45,NIFTY,2026-12-31,0.0,14000,0.0
30-Apr-2025 09:26:45,NIFTY,2025-06-26,0.0,15000,0.0
30-Apr-2025 09:26:45,NIFTY,2025-12-24,0.0,15000,0.0
30-Apr-2025 09:26:45,NIFTY,2026-06-25,0.0,15000,0.0
30-Apr-2025 09:26:45,NIFTY,2026-12-31,0.0,15000,0.0
30-Apr-2025 09:26:45,NIFTY,2027-12-30,0.0,15000,0.0
30-Apr-2025 09:26:45,NIFTY,2025-06-26,0.0,16000,9.0
30-Apr-2025 09:26:45,NIFTY,2025-12-24,0.0,16000,0.0
30-Apr-2025 09:26:45,NIFTY,2026-06-25,0.0,16000,0.0
30-Apr-2025 09:26:45,NIFTY,2026-12-31,0.0,16000,0.0
30-Apr-2025 09:26:45,NIFTY,2025-12-24,0.0,16500,0.0
30-Apr-2025 09:26:45,NIFTY,2025-06-26,7412.1,17000,0.0
30-Apr-2025 09:26:45,NIFTY,2025-09-25,0.0,17000,0.0
30-Apr-2025 09:26:45,NIFTY,2025-12-24,0.0,17000,0.0
30-Apr-2025 09:26:45,NIFTY,2026-06-25,0.0,17000,0.0
30-Apr-2025 09:26:45,NIFTY,2026-12-31,0.0,17000,0.0
30-Apr-2025 09:26:45,NIFTY,2027-06-24,0.0,17000,0.0
30-Apr-2025 09:26:45,NIFTY,2027-12-30,0.0,17000,0.0
30-Apr-2025 09:26:45,NIFTY,2028-06-29,0.0,17000,0.0
30-Apr-2025 09:26:45,NIFTY,2028-12-28,0.0,17000,0.0
30-Apr-2025 09:26:45,NIFTY,2029-06-28,0.0,17000,0.0
30-Apr-2025 09:26:45,NIFTY,2029-12-27,0.0,17000,0.0
30-Apr-2025 09:26:45,NIFTY,2025-06-26,6439.85,18000,15.55
30-Apr-2025 09:26:45,NIFTY,2025-09-25,0.0,18000,0.0
30-Apr-2025 09:26:45,NIFTY,2025-12-24,0.0,18000,74.35
30-Apr-2025 09:26:45,NIFTY,2026-06-25,0.0,18000,0.0
30-Apr-2025 09:26:45,NIFTY,2026-12-31,0.0,18000,0.0
30-Apr-2025 09:26:45,NIFTY,2027-06-24,0.0,18000,0.0
30-Apr-2025 09:26:45,NIFTY,2027-12-30,0.0,18000,0.0
30-Apr-2025 09:26:45,NIFTY,2028-06-29,0.0,18000,0.0
30-Apr-2025 09:26:45,NIFTY,2028-12-28,0.0,18000,0.0
30-Apr-2025 09:26:45,NIFTY,2029-06-28,0.0,18000,0.0
30-Apr-2025 09:26:45,NIFTY,2029-12-27,0.0,18000,0.0
30-Apr-2025 09:26:45,NIFTY,2025-06-26,5459.4,19000,24.35
30-Apr-2025 09:26:45,NIFTY,2025-09-25,0.0,19000,0.0
30-Apr-2025 09:26:45,NIFTY,2025-12-24,0.0,19000,103.95
30-Apr-2025 09:26:45,NIFTY,2026-03-26,0.0,19000,0.0
30-Apr-2025 09:26:45,NIFTY,2026-06-25,0.0,19000,0.0
30-Apr-2025 09:26:45,NIFTY,2026-12-31,0.0,19000,0.0
30-Apr-2025 09:26:45,NIFTY,2027-06-24,0.0,19000,0.0
30-Apr-2025 09:26:45,NIFTY,2027-12-30,0.0,19000,0.0
30-Apr-2025 09:26:45,NIFTY,2028-06-29,0.0,19000,0.0
30-Apr-2025 09:26:45,NIFTY,2028-12-28,0.0,19000,0.0
30-Apr-2025 09:26:45,NIFTY,2029-06-28,0.0,19000,0.0
30-Apr-2025 09:26:45,NIFTY,2029-12-27,0.0,19000,0.0
30-Apr-2025 09:26:45,NIFTY,2025-12-24,0.0,19500,0.0
30-Apr-2025 09:26:45,NIFTY,2025-06-26,4458.85,20000,40.7
30-Apr-2025 09:26:45,NIFTY,2025-09-25,0.0,20000,94.0
30-Apr-2025 09:26:45,NIFTY,2025-12-24,0.0,20000,142.0
30-Apr-2025 09:26:45,NIFTY,2026-03-26,0.0,20000,0.0
30-Apr-2025 09:26:45,NIFTY,2026-06-25,0.0,20000,0.0
30-Apr-2025 09:26:45,NIFTY,2026-12-31,0.0,20000,0.0
30-Apr-2025 09:26:45,NIFTY,2027-06-24,0.0,20000,0.0
30-Apr-2025 09:26:45,NIFTY,2027-12-30,0.0,20000,0.0
30-Apr-2025 09:26:45,NIFTY,2028-06-29,0.0,20000,0.0
30-Apr-2025 09:26:45,NIFTY,2028-12-28,0.0,20000,0.0
30-Apr-2025 09:26:45,NIFTY,2029-06-28,0.0,20000,0.0
30-Apr-2025 09:26:45,NIFTY,2029-12-27,0.0,20000,0.0
30-Apr-2025 09:26:45,NIFTY,2025-05-29,0.0,20350,20.0
30-Apr-2025 09:26:45,NIFTY,2025-04-30,0.0,20400,0.4
30-Apr-2025 09:26:45,NIFTY,2025-05-08,0.0,20400,2.6
30-Apr-2025 09:26:45,NIFTY,2025-05-29,0.0,20400,20.3
30-Apr-2025 09:26:45,NIFTY,2025-06-26,0.0,20400,0.0
30-Apr-2025 09:26:45,NIFTY,2025-04-30,0.0,20450,0.35
30-Apr-2025 09:26:45,NIFTY,2025-05-08,0.0,20450,0.0
30-Apr-2025 09:26:45,NIFTY,2025-05-29,0.0,20450,0.0
30-Apr-2025 09:26:45,NIFTY,2025-06-26,0.0,20450,0.0
30-Apr-2025 09:26:45,NIFTY,2025-04-30,0.0,20500,0.4
30-Apr-2025 09:26:45,NIFTY,2025-05-08,0.0,20500,2.75
30-Apr-2025 09:26:45,NIFTY,2025-05-29,0.0,20500,20.8
30-Apr-2025 09:26:45,NIFTY,2025-06-26,0.0,20500,0.0
30-Apr-2025 09:26:45,NIFTY,2025-04-30,0.0,20550,0.4
30-Apr-2025 09:26:45,NIFTY,2025-05-08,0.0,20550,2.85
30-Apr-2025 09:26:45,NIFTY,2025-05-29,0.0,20550,0.0
30-Apr-2025 09:26:45,NIFTY,2025-06-26,0.0,20550,0.0
30-Apr-2025 09:26:45,NIFTY,2025-04-30,0.0,20600,0.45
30-Apr-2025 09:26:45,NIFTY,2025-05-08,0.0,20600,2.95
30-Apr-2025 09:26:45,NIFTY,2025-05-29,0.0,20600,18.95
30-Apr-2025 09:26:45,NIFTY,2025-06-26,0.0,20600,0.0
30-Apr-2025 09:26:45,NIFTY,2025-04-30,0.0,20650,0.5
30-Apr-2025 09:26:45,NIFTY,2025-05-08,0.0,20650,2.95
30-Apr-2025 09:26:45,NIFTY,2025-05-15,0.0,20650,7.6
30-Apr-2025 09:26:45,NIFTY,2025-05-29,0.0,20650,0.0
30-Apr-2025 09:26:45,NIFTY,2025-06-26,0.0,20650,0.0
30-Apr-2025 09:26:45,NIFTY,2025-04-30,0.0,20700,0.45
30-Apr-2025 09:26:45,NIFTY,2025-05-08,0.0,20700,3.2
30-Apr-2025 09:26:45,NIFTY,2025-05-15,0.0,20700,0.0
30-Apr-2025 09:26:45,NIFTY,2025-05-29,0.0,20700,21.3
30-Apr-2025 09:26:45,NIFTY,2025-06-26,0.0,20700,0.0
30-Apr-2025 09:26:45,NIFTY,2025-04-30,0.0,20750,0.45
30-Apr-2025 09:26:45,NIFTY,2025-05-08,0.0,20750,0.0
30-Apr-2025 09:26:45,NIFTY,2025-05-15,0.0,20750,0.0
30-Apr-2025 09:26:45,NIFTY,2025-05-29,0.0,20750,0.0
30-Apr-2025 09:26:45,NIFTY,2025-06-26,0.0,20750,0.0
30-Apr-2025 09:26:45,NIFTY,2025-04-30,0.0,20800,0.45
30-Apr-2025 09:26:45,NIFTY,2025-05-08,0.0,20800,3.35
30-Apr-2025 09:26:45,NIFTY,2025-05-15,0.0,20800,9.5
30-Apr-2025 09:26:45,NIFTY,2025-05-29,0.0,20800,23.05
30-Apr-2025 09:26:45,NIFTY,2025-06-26,0.0,20800,0.0
30-Apr-2025 09:26:45,NIFTY,2025-04-30,0.0,20850,0.4
30-Apr-2025 09:26:45,NIFTY,2025-05-08,0.0,20850,3.45
30-Apr-2025 09:26:45,NIFTY,2025-05-15,0.0,20850,0.0
30-Apr-2025 09:26:45,NIFTY,2025-05-29,0.0,20850,0.0
30-Apr-2025 09:26:45,NIFTY,2025-06-26,0.0,20850,0.0
30-Apr-2025 09:26:45,NIFTY,2025-04-30,0.0,20900,0.45
30-Apr-2025 09:26:45,NIFTY,2025-05-08,0.0,20900,3.5
30-Apr-2025 09:26:45,NIFTY,2025-05-15,0.0,20900,10.05
30-Apr-2025 09:26:45,NIFTY,2025-05-29,0.0,20900,26.0
30-Apr-2025 09:26:45,NIFTY,2025-06-26,0.0,20900,0.0
30-Apr-2025 09:26:45,NIFTY,2025-04-30,0.0,20950,0.45
30-Apr-2025 09:26:45,NIFTY,2025-05-08,0.0,20950,0.0
30-Apr-2025 09:26:45,NIFTY,2025-05-15,0.0,20950,0.0
30-Apr-2025 09:26:45,NIFTY,2025-05-29,0.0,20950,0.0
30-Apr-2025 09:26:45,NIFTY,2025-06-26,0.0,20950,0.0
30-Apr-2025 09:26:45,NIFTY,2025-04-30,0.0,21000,0.4
30-Apr-2025 09:26:45,NIFTY,2025-05-08,0.0,21000,3.8
30-Apr-2025 09:26:45,NIFTY,2025-05-15,0.0,21000,10.0
30-Apr-2025 09:26:45,NIFTY,2025-05-29,0.0,21000,27.4
30-Apr-2025 09:26:45,NIFTY,2025-06-26,3524.15,21000,65.25
30-Apr-2025 09:26:45,NIFTY,2025-09-25,0.0,21000,139.95
30-Apr-2025 09:26:45,NIFTY,2025-12-24,0.0,21000,200.0
30-Apr-2025 09:26:45,NIFTY,2026-03-26,0.0,21000,0.0
30-Apr-2025 09:26:45,NIFTY,2026-06-25,0.0,21000,0.0
30-Apr-2025 09:26:45,NIFTY,2026-12-31,0.0,21000,0.0
30-Apr-2025 09:26:45,NIFTY,2027-06-24,0.0,21000,0.0
30-Apr-2025 09:26:45,NIFTY,2028-06-29,0.0,21000,0.0
30-Apr-2025 09:26:45,NIFTY,2028-12-28,0.0,21000,0.0
30-Apr-2025 09:26:45,NIFTY,2029-06-28,0.0,21000,0.0
30-Apr-2025 09:26:45,NIFTY,2029-12-27,0.0,21000,0.0
30-Apr-2025 09:26:45,NIFTY,2025-04-30,0.0,21050,0.45
30-Apr-2025 09:26:45,NIFTY,2025-05-08,0.0,21050,4.05
30-Apr-2025 09:26:45,NIFTY,2025-05-15,0.0,21050,10.85
30-Apr-2025 09:26:45,NIFTY,2025-05-29,0.0,21050,0.0
30-Apr-2025 09:26:45,NIFTY,2025-06-26,0.0,21050,0.0
30-Apr-2025 09:26:45,NIFTY,2025-04-30,0.0,21100,0.45
30-Apr-2025 09:26:45,NIFTY,2025-05-08,0.0,21100,4.05
30-Apr-2025 09:26:45,NIFTY,2025-05-15,0.0,21100,0.0
30-Apr-2025 09:26:45,NIFTY,2025-05-29,0.0,21100,0.0
30-Apr-2025 09:26:45,NIFTY,2025-06-26,0.0,21100,0.0
30-Apr-2025 09:26:45,NIFTY,2025-04-30,0.0,21150,0.55
30-Apr-2025 09:26:45,NIFTY,2025-05-08,0.0,21150,4.05
30-Apr-2025 09:26:45,NIFTY,2025-05-15,0.0,21150,0.0
30-Apr-2025 09:26:45,NIFTY,2025-05-29,0.0,21150,0.0
30-Apr-2025 09:26:45,NIFTY,2025-06-26,0.0,21150,0.0
30-Apr-2025 09:26:45,NIFTY,2025-04-30,0.0,21200,0.45
30-Apr-2025 09:26:45,NIFTY,2025-05-08,0.0,21200,4.5
30-Apr-2025 09:26:45,NIFTY,2025-05-15,0.0,21200,11.5
30-Apr-2025 09:26:45,NIFTY,2025-05-29,0.0,21200,28.0
30-Apr-2025 09:26:45,NIFTY,2025-06-26,0.0,21200,0.0
30-Apr-2025 09:26:45,NIFTY,2025-04-30,0.0,21250,0.5
30-Apr-2025 09:26:45,NIFTY,2025-05-08,0.0,21250,4.05
30-Apr-2025 09:26:45,NIFTY,2025-05-15,0.0,21250,0.0
30-Apr-2025 09:26:45,NIFTY,2025-05-29,0.0,21250,0.0
30-Apr-2025 09:26:45,NIFTY,2025-06-26,0.0,21250,0.0
30-Apr-2025 09:26:45,NIFTY,2025-04-30,0.0,21300,0.45
30-Apr-2025 09:26:45,NIFTY,2025-05-08,0.0,21300,4.8
30-Apr-2025 09:26:45,NIFTY,2025-05-15,0.0,21300,0.0
30-Apr-2025 09:26:45,NIFTY,2025-05-29,0.0,21300,28.75
30-Apr-2025 09:26:45,NIFTY,2025-06-26,0.0,21300,0.0
30-Apr-2025 09:26:45,NIFTY,2025-04-30,0.0,21350,0.5
30-Apr-2025 09:26:45,NIFTY,2025-05-08,0.0,21350,4.7
30-Apr-2025 09:26:45,NIFTY,2025-05-15,0.0,21350,0.0
30-Apr-2025 09:26:45,NIFTY,2025-05-29,0.0,21350,0.0
30-Apr-2025 09:26:45,NIFTY,2025-06-26,0.0,21350,0.0
30-Apr-2025 09:26:45,NIFTY,2025-04-30,0.0,21400,0.55
30-Apr-2025 09:26:45,NIFTY,2025-05-08,0.0,21400,5.1
30-Apr-2025 09:26:45,NIFTY,2025-05-15,0.0,21400,14.45
30-Apr-2025 09:26:45,NIFTY,2025-05-29,0.0,21400,32.0
30-Apr-2025 09:26:45,NIFTY,2025-06-26,0.0,21400,0.0
30-Apr-2025 09:26:45,NIFTY,2025-04-30,0.0,21450,0.45
30-Apr-2025 09:26:45,NIFTY,2025-05-08,0.0,21450,5.25
30-Apr-2025 09:26:45,NIFTY,2025-05-15,0.0,21450,0.0
30-Apr-2025 09:26:45,NIFTY,2025-05-29,0.0,21450,0.0
30-Apr-2025 09:26:45,NIFTY,2025-06-26,0.0,21450,0.0
30-Apr-2025 09:26:45,NIFTY,2025-04-30,0.0,21500,0.5
30-Apr-2025 09:26:45,NIFTY,2025-05-08,0.0,21500,5.55
30-Apr-2025 09:26:45,NIFTY,2025-05-15,0.0,21500,0.0
30-Apr-2025 09:26:45,NIFTY,2025-05-29,0.0,21500,35.3
30-Apr-2025 09:26:45,NIFTY,2025-06-26,0.0,21500,80.5
30-Apr-2025 09:26:45,NIFTY,2025-04-30,0.0,21550,0.5
30-Apr-2025 09:26:45,NIFTY,2025-05-08,0.0,21550,5.85
30-Apr-2025 09:26:45,NIFTY,2025-05-15,0.0,21550,0.0
30-Apr-2025 09:26:45,NIFTY,2025-05-29,0.0,21550,0.0
30-Apr-2025 09:26:45,NIFTY,2025-06-26,0.0,21550,0.0
30-Apr-2025 09:26:45,NIFTY,2025-04-30,0.0,21600,0.5
30-Apr-2025 09:26:45,NIFTY,2025-05-08,0.0,21600,5.95
30-Apr-2025 09:26:45,NIFTY,2025-05-15,0.0,21600,0.0
30-Apr-2025 09:26:45,NIFTY,2025-05-29,0.0,21600,36.0
30-Apr-2025 09:26:45,NIFTY,2025-06-26,0.0,21600,0.0
30-Apr-2025 09:26:45,NIFTY,2025-04-30,0.0,21650,0.5
30-Apr-2025 09:26:45,NIFTY,2025-05-08,0.0,21650,6.0
30-Apr-2025 09:26:45,NIFTY,2025-05-15,0.0,21650,0.0
30-Apr-2025 09:26:45,NIFTY,2025-05-29,0.0,21650,0.0
30-Apr-2025 09:26:45,NIFTY,2025-06-26,0.0,21650,0.0
30-Apr-2025 09:26:45,NIFTY,2025-04-30,0.0,21700,0.5
30-Apr-2025 09:26:45,NIFTY,2025-05-08,0.0,21700,6.35
30-Apr-2025 09:26:45,NIFTY,2025-05-15,0.0,21700,16.5
30-Apr-2025 09:26:45,NIFTY,2025-05-29,0.0,21700,40.8
30-Apr-2025 09:26:45,NIFTY,2025-06-26,0.0,21700,84.65
30-Apr-2025 09:26:45,NIFTY,2025-04-30,0.0,21750,0.55
30-Apr-2025 09:26:45,NIFTY,2025-05-08,0.0,21750,6.75
30-Apr-2025 09:26:45,NIFTY,2025-05-15,0.0,21750,0.0
30-Apr-2025 09:26:45,NIFTY,2025-05-29,0.0,21750,22.85
30-Apr-2025 09:26:45,NIFTY,2025-06-26,0.0,21750,0.0
30-Apr-2025 09:26:45,NIFTY,2025-04-30,0.0,21800,0.5
30-Apr-2025 09:26:45,NIFTY,2025-05-08,0.0,21800,7.0
30-Apr-2025 09:26:45,NIFTY,2025-05-15,0.0,21800,0.0
30-Apr-2025 09:26:45,NIFTY,2025-05-29,0.0,21800,43.5
30-Apr-2025 09:26:45,NIFTY,2025-06-26,0.0,21800,95.0
30-Apr-2025 09:26:45,NIFTY,2025-04-30,0.0,21850,0.6
30-Apr-2025 09:26:45,NIFTY,2025-05-08,0.0,21850,11.0
30-Apr-2025 09:26:45,NIFTY,2025-05-15,0.0,21850,19.0
30-Apr-2025 09:26:45,NIFTY,2025-05-29,0.0,21850,23.8
30-Apr-2025 09:26:45,NIFTY,2025-06-26,0.0,21850,0.0
30-Apr-2025 09:26:45,NIFTY,2025-04-30,0.0,21900,0.5
30-Apr-2025 09:26:45,NIFTY,2025-05-08,0.0,21900,7.65
30-Apr-2025 09:26:45,NIFTY,2025-05-15,0.0,21900,22.05
30-Apr-2025 09:26:45,NIFTY,2025-05-29,0.0,21900,45.95
30-Apr-2025 09:26:45,NIFTY,2025-06-26,0.0,21900,99.05
30-Apr-2025 09:26:45,NIFTY,2025-04-30,0.0,21950,0.5
30-Apr-2025 09:26:45,NIFTY,2025-05-08,0.0,21950,7.8
30-Apr-2025 09:26:45,NIFTY,2025-05-15,0.0,21950,0.0
30-Apr-2025 09:26:45,NIFTY,2025-05-29,0.0,21950,46.6
30-Apr-2025 09:26:45,NIFTY,2025-06-26,0.0,21950,0.0
30-Apr-2025 09:26:45,NIFTY,2025-04-30,2288.8,22000,0.45
30-Apr-2025 09:26:45,NIFTY,2025-05-08,2349.9,22000,8.4
30-Apr-2025 09:26:45,NIFTY,2025-05-15,0.0,22000,23.1
30-Apr-2025 09:26:45,NIFTY,2025-05-29,2446.55,22000,50.9
30-Apr-2025 09:26:45,NIFTY,2025-06-26,0.0,22000,109.4
30-Apr-2025 09:26:45,NIFTY,2025-09-25,2988.0,22000,222.9
30-Apr-2025 09:26:45,NIFTY,2025-12-24,3360.0,22000,292.0
30-Apr-2025 09:26:45,NIFTY,2026-03-26,0.0,22000,0.0
30-Apr-2025 09:26:45,NIFTY,2026-06-25,0.0,22000,0.0
30-Apr-2025 09:26:45,NIFTY,2026-12-31,0.0,22000,0.0
30-Apr-2025 09:26:45,NIFTY,2027-06-24,0.0,22000,0.0
30-Apr-2025 09:26:45,NIFTY,2027-12-30,0.0,22000,0.0
30-Apr-2025 09:26:45,NIFTY,2028-06-29,0.0,22000,0.0
30-Apr-2025 09:26:45,NIFTY,2028-12-28,0.0,22000,0.0
30-Apr-2025 09:26:45,NIFTY,2029-06-28,0.0,22000,0.0
30-Apr-2025 09:26:45,NIFTY,2029-12-27,0.0,22000,0.0
30-Apr-2025 09:26:45,NIFTY,2025-04-30,0.0,22050,0.6
30-Apr-2025 09:26:45,NIFTY,2025-05-08,0.0,22050,8.55
30-Apr-2025 09:26:45,NIFTY,2025-05-15,0.0,22050,0.0
30-Apr-2025 09:26:45,NIFTY,2025-05-29,0.0,22050,0.0
30-Apr-2025 09:26:45,NIFTY,2025-06-26,0.0,22050,0.0
30-Apr-2025 09:26:45,NIFTY,2025-04-30,2203.3,22100,0.55
30-Apr-2025 09:26:45,NIFTY,2025-05-08,0.0,22100,9.05
30-Apr-2025 09:26:45,NIFTY,2025-05-15,0.0,22100,0.0
30-Apr-2025 09:26:45,NIFTY,2025-05-22,0.0,22100,42.75
30-Apr-2025 09:26:45,NIFTY,2025-05-29,0.0,22100,55.25
30-Apr-2025 09:26:45,NIFTY,2025-06-26,0.0,22100,0.0
30-Apr-2025 09:26:45,NIFTY,2025-04-30,0.0,22150,0.55
30-Apr-2025 09:26:45,NIFTY,2025-05-08,0.0,22150,9.6
30-Apr-2025 09:26:45,NIFTY,2025-05-15,0.0,22150,23.9
30-Apr-2025 09:26:45,NIFTY,2025-05-22,0.0,22150,0.0
30-Apr-2025 09:26:45,NIFTY,2025-05-29,0.0,22150,49.35
30-Apr-2025 09:26:45,NIFTY,2025-06-26,0.0,22150,0.0
30-Apr-2025 09:26:45,NIFTY,2025-04-30,0.0,22200,0.55
30-Apr-2025 09:26:45,NIFTY,2025-05-08,0.0,22200,10.25
30-Apr-2025 09:26:45,NIFTY,2025-05-15,0.0,22200,27.3
30-Apr-2025 09:26:45,NIFTY,2025-05-22,0.0,22200,0.0
30-Apr-2025 09:26:45,NIFTY,2025-05-29,0.0,22200,59.4
30-Apr-2025 09:26:45,NIFTY,2025-06-26,0.0,22200,116.15
30-Apr-2025 09:26:45,NIFTY,2025-04-30,0.0,22250,0.6
30-Apr-2025 09:26:45,NIFTY,2025-05-08,0.0,22250,10.9
30-Apr-2025 09:26:45,NIFTY,2025-05-15,0.0,22250,0.0
30-Apr-2025 09:26:45,NIFTY,2025-05-22,0.0,22250,0.0
30-Apr-2025 09:26:45,NIFTY,2025-05-29,0.0,22250,59.3
30-Apr-2025 09:26:45,NIFTY,2025-06-26,0.0,22250,0.0
30-Apr-2025 09:26:45,NIFTY,2025-04-30,2000.0,22300,0.6
30-Apr-2025 09:26:45,NIFTY,2025-05-08,0.0,22300,11.55
30-Apr-2025 09:26:45,NIFTY,2025-05-15,0.0,22300,0.0
30-Apr-2025 09:26:45,NIFTY,2025-05-22,0.0,22300,0.0
30-Apr-2025 09:26:45,NIFTY,2025-05-29,2128.65,22300,64.6
30-Apr-2025 09:26:45,NIFTY,2025-06-26,0.0,22300,133.45
30-Apr-2025 09:26:45,NIFTY,2025-07-31,0.0,22300,0.0
30-Apr-2025 09:26:45,NIFTY,2025-04-30,0.0,22350,0.65
30-Apr-2025 09:26:45,NIFTY,2025-05-08,0.0,22350,12.4
30-Apr-2025 09:26:45,NIFTY,2025-05-15,0.0,22350,0.0
30-Apr-2025 09:26:45,NIFTY,2025-05-22,0.0,22350,0.0
30-Apr-2025 09:26:45,NIFTY,2025-05-29,0.0,22350,66.55
30-Apr-2025 09:26:45,NIFTY,2025-06-26,0.0,22350,0.0
30-Apr-2025 09:26:45,NIFTY,2025-07-31,0.0,22350,0.0
30-Apr-2025 09:26:45,NIFTY,2025-04-30,0.0,22400,0.6
30-Apr-2025 09:26:45,NIFTY,2025-05-08,0.0,22400,13.1
30-Apr-2025 09:26:45,NIFTY,2025-05-15,0.0,22400,31.9
30-Apr-2025 09:26:45,NIFTY,2025-05-22,0.0,22400,0.0
30-Apr-2025 09:26:45,NIFTY,2025-05-29,0.0,22400,70.75
30-Apr-2025 09:26:45,NIFTY,2025-06-26,0.0,22400,0.0
30-Apr-2025 09:26:45,NIFTY,2025-07-31,0.0,22400,0.0
30-Apr-2025 09:26:45,NIFTY,2025-04-30,0.0,22450,0.65
30-Apr-2025 09:26:45,NIFTY,2025-05-08,0.0,22450,14.0
30-Apr-2025 09:26:45,NIFTY,2025-05-15,0.0,22450,0.0
30-Apr-2025 09:26:45,NIFTY,2025-05-22,0.0,22450,0.0
30-Apr-2025 09:26:45,NIFTY,2025-05-29,0.0,22450,76.5
30-Apr-2025 09:26:45,NIFTY,2025-06-26,0.0,22450,0.0
30-Apr-2025 09:26:45,NIFTY,2025-07-31,0.0,22450,0.0
30-Apr-2025 09:26:45,NIFTY,2025-04-30,1811.4,22500,0.6
30-Apr-2025 09:26:45,NIFTY,2025-05-08,1818.0,22500,14.8
30-Apr-2025 09:26:45,NIFTY,2025-05-15,1921.4,22500,37.6
30-Apr-2025 09:26:45,NIFTY,2025-05-22,0.0,22500,58.05
30-Apr-2025 09:26:45,NIFTY,2025-05-29,1965.1,22500,77.0
30-Apr-2025 09:26:45,NIFTY,2025-06-26,0.0,22500,152.0
30-Apr-2025 09:26:45,NIFTY,2025-07-31,0.0,22500,210.35
30-Apr-2025 09:26:45,NIFTY,2025-04-30,0.0,22550,0.7
30-Apr-2025 09:26:45,NIFTY,2025-05-08,0.0,22550,15.6
30-Apr-2025 09:26:45,NIFTY,2025-05-15,0.0,22550,0.0
30-Apr-2025 09:26:45,NIFTY,2025-05-22,0.0,22550,0.0
30-Apr-2025 09:26:45,NIFTY,2025-05-29,0.0,22550,76.7
30-Apr-2025 09:26:45,NIFTY,2025-06-26,0.0,22550,0.0
30-Apr-2025 09:26:45,NIFTY,2025-07-31,0.0,22550,0.0
30-Apr-2025 09:26:45,NIFTY,2025-04-30,1715.25,22600,0.7
30-Apr-2025 09:26:45,NIFTY,2025-05-08,0.0,22600,17.0
30-Apr-2025 09:26:45,NIFTY,2025-05-15,0.0,22600,0.0
30-Apr-2025 09:26:45,NIFTY,2025-05-22,0.0,22600,0.0
30-Apr-2025 09:26:45,NIFTY,2025-05-29,1885.45,22600,79.0
30-Apr-2025 09:26:45,NIFTY,2025-06-26,0.0,22600,0.0
30-Apr-2025 09:26:45,NIFTY,2025-07-31,0.0,22600,0.0
30-Apr-2025 09:26:45,NIFTY,2025-04-30,1666.0,22650,0.75
30-Apr-2025 09:26:45,NIFTY,2025-05-08,0.0,22650,18.4
30-Apr-2025 09:26:45,NIFTY,2025-05-15,0.0,22650,0.0
30-Apr-2025 09:26:45,NIFTY,2025-05-22,0.0,22650,0.0
30-Apr-2025 09:26:45,NIFTY,2025-05-29,0.0,22650,84.8
30-Apr-2025 09:26:45,NIFTY,2025-06-26,0.0,22650,0.0
30-Apr-2025 09:26:45,NIFTY,2025-07-31,0.0,22650,0.0
30-Apr-2025 09:26:45,NIFTY,2025-04-30,1589.6,22700,0.75
30-Apr-2025 09:26:45,NIFTY,2025-05-08,1620.0,22700,19.3
30-Apr-2025 09:26:45,NIFTY,2025-05-15,0.0,22700,43.45
30-Apr-2025 09:26:45,NIFTY,2025-05-22,0.0,22700,0.0
30-Apr-2025 09:26:45,NIFTY,2025-05-29,1780.0,22700,89.6
30-Apr-2025 09:26:45,NIFTY,2025-06-26,0.0,22700,0.0
30-Apr-2025 09:26:45,NIFTY,2025-07-31,0.0,22700,230.0
30-Apr-2025 09:26:45,NIFTY,2025-04-30,0.0,22750,0.75
30-Apr-2025 09:26:45,NIFTY,2025-05-08,0.0,22750,20.6
30-Apr-2025 09:26:45,NIFTY,2025-05-15,0.0,22750,0.0
30-Apr-2025 09:26:45,NIFTY,2025-05-22,0.0,22750,0.0
30-Apr-2025 09:26:45,NIFTY,2025-05-29,0.0,22750,88.55
30-Apr-2025 09:26:45,NIFTY,2025-06-26,0.0,22750,0.0
30-Apr-2025 09:26:45,NIFTY,2025-07-31,0.0,22750,0.0
30-Apr-2025 09:26:45,NIFTY,2025-04-30,1500.0,22800,0.8
30-Apr-2025 09:26:45,NIFTY,2025-05-08,1530.0,22800,21.85
30-Apr-2025 09:26:45,NIFTY,2025-05-15,0.0,22800,50.75
30-Apr-2025 09:26:45,NIFTY,2025-05-22,0.0,22800,0.0
30-Apr-2025 09:26:45,NIFTY,2025-05-29,1702.2,22800,98.35
30-Apr-2025 09:26:45,NIFTY,2025-06-26,0.0,22800,171.55
30-Apr-2025 09:26:45,NIFTY,2025-07-31,0.0,22800,245.95
30-Apr-2025 09:26:45,NIFTY,2025-04-30,0.0,22850,0.85
30-Apr-2025 09:26:45,NIFTY,2025-05-08,0.0,22850,23.7
30-Apr-2025 09:26:45,NIFTY,2025-05-15,0.0,22850,0.0
30-Apr-2025 09:26:45,NIFTY,2025-05-22,0.0,22850,0.0
30-Apr-2025 09:26:45,NIFTY,2025-05-29,0.0,22850,101.9
30-Apr-2025 09:26:45,NIFTY,2025-06-26,0.0,22850,0.0
30-Apr-2025 09:26:45,NIFTY,2025-07-31,0.0,22850,0.0
30-Apr-2025 09:26:45,NIFTY,2025-04-30,1399.25,22900,0.85
30-Apr-2025 09:26:45,NIFTY,2025-05-08,0.0,22900,24.9
30-Apr-2025 09:26:45,NIFTY,2025-05-15,0.0,22900,57.8
30-Apr-2025 09:26:45,NIFTY,2025-05-22,0.0,22900,0.0
30-Apr-2025 09:26:45,NIFTY,2025-05-29,0.0,22900,107.3
30-Apr-2025 09:26:45,NIFTY,2025-06-26,0.0,22900,0.0
30-Apr-2025 09:26:45,NIFTY,2025-07-31,0.0,22900,261.0
30-Apr-2025 09:26:45,NIFTY,2025-04-30,1392.1,22950,0.85
30-Apr-2025 09:26:45,NIFTY,2025-05-08,0.0,22950,26.55
30-Apr-2025 09:26:45,NIFTY,2025-05-15,0.0,22950,0.0
30-Apr-2025 09:26:45,NIFTY,2025-05-22,0.0,22950,0.0
30-Apr-2025 09:26:45,NIFTY,2025-05-29,1560.65,22950,113.15
30-Apr-2025 09:26:45,NIFTY,2025-06-26,0.0,22950,0.0
30-Apr-2025 09:26:45,NIFTY,2025-07-31,0.0,22950,0.0
30-Apr-2025 09:26:45,NIFTY,2025-04-30,1291.65,23000,0.85
30-Apr-2025 09:26:45,NIFTY,2025-05-08,1330.0,23000,28.5
30-Apr-2025 09:26:45,NIFTY,2025-05-15,0.0,23000,62.65
30-Apr-2025 09:26:45,NIFTY,2025-05-22,0.0,23000,98.0
30-Apr-2025 09:26:45,NIFTY,2025-05-29,1489.0,23000,117.25
30-Apr-2025 09:26:45,NIFTY,2025-06-26,1687.0,23000,212.4
30-Apr-2025 09:26:45,NIFTY,2025-07-31,0.0,23000,281.25
30-Apr-2025 09:26:45,NIFTY,2025-09-25,2158.75,23000,359.0
30-Apr-2025 09:26:45,NIFTY,2025-12-24,2561.2,23000,440.0
30-Apr-2025 09:26:45,NIFTY,2026-03-26,0.0,23000,0.0
30-Apr-2025 09:26:45,NIFTY,2026-06-25,0.0,23000,0.0
30-Apr-2025 09:26:45,NIFTY,2026-12-31,0.0,23000,0.0
30-Apr-2025 09:26:45,NIFTY,2027-06-24,0.0,23000,0.0
30-Apr-2025 09:26:45,NIFTY,2027-12-30,0.0,23000,0.0
30-Apr-2025 09:26:45,NIFTY,2028-06-29,0.0,23000,0.0
30-Apr-2025 09:26:45,NIFTY,2028-12-28,0.0,23000,0.0
30-Apr-2025 09:26:45,NIFTY,2029-06-28,0.0,23000,0.0
30-Apr-2025 09:26:45,NIFTY,2029-12-27,0.0,23000,0.0
30-Apr-2025 09:26:45,NIFTY,2025-04-30,0.0,23050,0.95
30-Apr-2025 09:26:45,NIFTY,2025-05-08,0.0,23050,30.5
30-Apr-2025 09:26:45,NIFTY,2025-05-15,0.0,23050,61.75
30-Apr-2025 09:26:45,NIFTY,2025-05-22,0.0,23050,0.0
30-Apr-2025 09:26:45,NIFTY,2025-05-29,0.0,23050,122.35
30-Apr-2025 09:26:45,NIFTY,2025-06-26,0.0,23050,0.0
30-Apr-2025 09:26:45,NIFTY,2025-07-31,0.0,23050,0.0
30-Apr-2025 09:26:45,NIFTY,2025-04-30,1190.0,23100,1.0
30-Apr-2025 09:26:45,NIFTY,2025-05-08,1225.0,23100,32.1
30-Apr-2025 09:26:45,NIFTY,2025-05-15,0.0,23100,68.5
30-Apr-2025 09:26:45,NIFTY,2025-05-22,0.0,23100,0.0
30-Apr-2025 09:26:45,NIFTY,2025-05-29,1380.3,23100,129.0
30-Apr-2025 09:26:45,NIFTY,2025-06-26,0.0,23100,0.0
30-Apr-2025 09:26:45,NIFTY,2025-07-31,0.0,23100,0.0
30-Apr-2025 09:26:45,NIFTY,2025-04-30,1175.0,23150,1.05
30-Apr-2025 09:26:45,NIFTY,2025-05-08,0.0,23150,34.65
30-Apr-2025 09:26:45,NIFTY,2025-05-15,0.0,23150,74.65
30-Apr-2025 09:26:45,NIFTY,2025-05-22,0.0,23150,0.0
30-Apr-2025 09:26:45,NIFTY,2025-05-29,0.0,23150,127.1
30-Apr-2025 09:26:45,NIFTY,2025-06-26,0.0,23150,0.0
30-Apr-2025 09:26:45,NIFTY,2025-07-31,0.0,23150,0.0
30-Apr-2025 09:26:45,NIFTY,2025-04-30,1110.7,23200,1.05
30-Apr-2025 09:26:45,NIFTY,2025-05-08,1140.3,23200,36.7
30-Apr-2025 09:26:45,NIFTY,2025-05-15,0.0,23200,79.9
30-Apr-2025 09:26:45,NIFTY,2025-05-22,0.0,23200,0.0
30-Apr-2025 09:26:45,NIFTY,2025-05-29,1336.9,23200,140.95
30-Apr-2025 09:26:45,NIFTY,2025-06-26,1538.35,23200,242.0
30-Apr-2025 09:26:45,NIFTY,2025-07-31,0.0,23200,0.0
30-Apr-2025 09:26:45,NIFTY,2025-04-30,0.0,23250,1.2
30-Apr-2025 09:26:45,NIFTY,2025-05-08,0.0,23250,39.6
30-Apr-2025 09:26:45,NIFTY,2025-05-15,0.0,23250,79.2
30-Apr-2025 09:26:45,NIFTY,2025-05-22,0.0,23250,0.0
30-Apr-2025 09:26:45,NIFTY,2025-05-29,1280.0,23250,148.85
30-Apr-2025 09:26:45,NIFTY,2025-06-26,0.0,23250,0.0
30-Apr-2025 09:26:45,NIFTY,2025-07-31,0.0,23250,0.0
30-Apr-2025 09:26:45,NIFTY,2025-04-30,988.1,23300,1.3
30-Apr-2025 09:26:45,NIFTY,2025-05-08,1044.0,23300,42.65
30-Apr-2025 09:26:45,NIFTY,2025-05-15,0.0,23300,87.6
30-Apr-2025 09:26:45,NIFTY,2025-05-22,0.0,23300,0.0
30-Apr-2025 09:26:45,NIFTY,2025-05-29,1249.35,23300,155.05
30-Apr-2025 09:26:45,NIFTY,2025-06-26,0.0,23300,0.0
30-Apr-2025 09:26:45,NIFTY,2025-07-31,0.0,23300,0.0
30-Apr-2025 09:26:45,NIFTY,2025-04-30,964.0,23350,1.4
30-Apr-2025 09:26:45,NIFTY,2025-05-08,0.0,23350,45.2
30-Apr-2025 09:26:45,NIFTY,2025-05-15,0.0,23350,88.35
30-Apr-2025 09:26:45,NIFTY,2025-05-22,0.0,23350,0.0
30-Apr-2025 09:26:45,NIFTY,2025-05-29,0.0,23350,160.35
30-Apr-2025 09:26:45,NIFTY,2025-06-26,0.0,23350,0.0
30-Apr-2025 09:26:45,NIFTY,2025-07-31,0.0,23350,0.0
30-Apr-2025 09:26:45,NIFTY,2025-04-30,891.0,23400,1.5
30-Apr-2025 09:26:45,NIFTY,2025-05-08,955.0,23400,48.8
30-Apr-2025 09:26:45,NIFTY,2025-05-15,1040.0,23400,100.05
30-Apr-2025 09:26:45,NIFTY,2025-05-22,0.0,23400,133.45
30-Apr-2025 09:26:45,NIFTY,2025-05-29,0.0,23400,171.2
30-Apr-2025 09:26:45,NIFTY,2025-06-26,0.0,23400,279.3
30-Apr-2025 09:26:45,NIFTY,2025-07-31,0.0,23400,0.0
30-Apr-2025 09:26:45,NIFTY,2025-04-30,850.95,23450,1.55
30-Apr-2025 09:26:45,NIFTY,2025-05-08,0.0,23450,52.45
30-Apr-2025 09:26:45,NIFTY,2025-05-15,0.0,23450,103.5
30-Apr-2025 09:26:45,NIFTY,2025-05-22,0.0,23450,0.0
30-Apr-2025 09:26:45,NIFTY,2025-05-29,1100.0,23450,181.3
30-Apr-2025 09:26:45,NIFTY,2025-06-26,0.0,23450,0.0
30-Apr-2025 09:26:45,NIFTY,2025-07-31,0.0,23450,0.0
30-Apr-2025 09:26:45,NIFTY,2025-04-30,789.25,23500,1.5
30-Apr-2025 09:26:45,NIFTY,2025-05-08,861.05,23500,56.8
30-Apr-2025 09:26:45,NIFTY,2025-05-15,960.0,23500,112.2
30-Apr-2025 09:26:45,NIFTY,2025-05-22,1016.8,23500,154.65
30-Apr-2025 09:26:45,NIFTY,2025-05-29,1070.0,23500,188.95
30-Apr-2025 09:26:45,NIFTY,2025-06-26,1290.0,23500,300.75
30-Apr-2025 09:26:45,NIFTY,2025-07-31,0.0,23500,373.35
30-Apr-2025 09:26:45,NIFTY,2025-04-30,763.6,23550,1.7
30-Apr-2025 09:26:45,NIFTY,2025-05-08,800.6,23550,61.1
30-Apr-2025 09:26:45,NIFTY,2025-05-15,0.0,23550,115.0
30-Apr-2025 09:26:45,NIFTY,2025-05-22,0.0,23550,0.0
30-Apr-2025 09:26:45,NIFTY,2025-05-29,1040.0,23550,196.65
30-Apr-2025 09:26:45,NIFTY,2025-06-26,0.0,23550,0.0
30-Apr-2025 09:26:45,NIFTY,2025-07-31,0.0,23550,0.0
30-Apr-2025 09:26:45,NIFTY,2025-04-30,685.75,23600,1.8
30-Apr-2025 09:26:45,NIFTY,2025-05-08,770.5,23600,65.75
30-Apr-2025 09:26:45,NIFTY,2025-05-15,0.0,23600,128.4
30-Apr-2025 09:26:45,NIFTY,2025-05-22,0.0,23600,168.0
30-Apr-2025 09:26:45,NIFTY,2025-05-29,998.0,23600,207.05
30-Apr-2025 09:26:45,NIFTY,2025-06-26,0.0,23600,320.75
30-Apr-2025 09:26:45,NIFTY,2025-07-31,0.0,23600,0.0
30-Apr-2025 09:26:45,NIFTY,2025-04-30,637.6,23650,2.05
30-Apr-2025 09:26:45,NIFTY,2025-05-08,712.05,23650,71.6
30-Apr-2025 09:26:45,NIFTY,2025-05-15,0.0,23650,0.0
30-Apr-2025 09:26:45,NIFTY,2025-05-22,0.0,23650,0.0
30-Apr-2025 09:26:45,NIFTY,2025-05-29,0.0,23650,216.5
30-Apr-2025 09:26:45,NIFTY,2025-06-26,1184.3,23650,0.0
30-Apr-2025 09:26:45,NIFTY,2025-07-31,0.0,23650,0.0
30-Apr-2025 09:26:45,NIFTY,2025-04-30,590.55,23700,2.25
30-Apr-2025 09:26:45,NIFTY,2025-05-08,695.55,23700,77.85
30-Apr-2025 09:26:45,NIFTY,2025-05-15,0.0,23700,145.0
30-Apr-2025 09:26:45,NIFTY,2025-05-22,0.0,23700,181.65
30-Apr-2025 09:26:45,NIFTY,2025-05-29,910.0,23700,228.3
30-Apr-2025 09:26:45,NIFTY,2025-06-26,0.0,23700,343.5
30-Apr-2025 09:26:45,NIFTY,2025-07-31,0.0,23700,0.0
30-Apr-2025 09:26:45,NIFTY,2025-04-30,535.2,23750,2.5
30-Apr-2025 09:26:45,NIFTY,2025-05-08,643.35,23750,83.8
30-Apr-2025 09:26:45,NIFTY,2025-05-15,0.0,23750,147.85
30-Apr-2025 09:26:45,NIFTY,2025-05-22,0.0,23750,0.0
30-Apr-2025 09:26:45,NIFTY,2025-05-29,879.3,23750,239.0
30-Apr-2025 09:26:45,NIFTY,2025-06-26,0.0,23750,0.0
30-Apr-2025 09:26:45,NIFTY,2025-07-31,0.0,23750,0.0
30-Apr-2025 09:26:45,NIFTY,2025-04-30,491.4,23800,2.85
30-Apr-2025 09:26:45,NIFTY,2025-05-08,595.85,23800,90.65
30-Apr-2025 09:26:45,NIFTY,2025-05-15,696.45,23800,163.15
30-Apr-2025 09:26:45,NIFTY,2025-05-22,0.0,23800,0.0
30-Apr-2025 09:26:45,NIFTY,2025-05-29,837.55,23800,250.9
30-Apr-2025 09:26:45,NIFTY,2025-06-26,1062.4,23800,369.0
30-Apr-2025 09:26:45,NIFTY,2025-07-31,0.0,23800,0.0
30-Apr-2025 09:26:45,NIFTY,2025-04-30,436.6,23850,3.15
30-Apr-2025 09:26:45,NIFTY,2025-05-08,556.4,23850,99.1
30-Apr-2025 09:26:45,NIFTY,2025-05-15,665.95,23850,175.55
30-Apr-2025 09:26:45,NIFTY,2025-05-22,0.0,23850,0.0
30-Apr-2025 09:26:45,NIFTY,2025-05-29,806.95,23850,261.9
30-Apr-2025 09:26:45,NIFTY,2025-06-26,1010.3,23850,0.0
30-Apr-2025 09:26:45,NIFTY,2025-07-31,0.0,23850,0.0
30-Apr-2025 09:26:45,NIFTY,2025-04-30,392.1,23900,3.7
30-Apr-2025 09:26:45,NIFTY,2025-05-08,512.65,23900,108.6
30-Apr-2025 09:26:45,NIFTY,2025-05-15,630.95,23900,188.6
30-Apr-2025 09:26:45,NIFTY,2025-05-22,0.0,23900,232.0
30-Apr-2025 09:26:45,NIFTY,2025-05-29,758.55,23900,275.25
30-Apr-2025 09:26:45,NIFTY,2025-06-26,0.0,23900,382.0
30-Apr-2025 09:26:45,NIFTY,2025-07-31,0.0,23900,0.0
30-Apr-2025 09:26:45,NIFTY,2025-04-30,340.25,23950,4.2
30-Apr-2025 09:26:45,NIFTY,2025-05-08,473.5,23950,118.45
30-Apr-2025 09:26:45,NIFTY,2025-05-15,600.7,23950,206.35
30-Apr-2025 09:26:45,NIFTY,2025-05-22,0.0,23950,0.0
30-Apr-2025 09:26:45,NIFTY,2025-05-29,737.0,23950,288.9
30-Apr-2025 09:26:45,NIFTY,2025-06-26,949.95,23950,0.0
30-Apr-2025 09:26:45,NIFTY,2025-07-31,0.0,23950,0.0
30-Apr-2025 09:26:45,NIFTY,2025-04-30,292.0,24000,4.9
30-Apr-2025 09:26:45,NIFTY,2025-05-08,436.6,24000,129.7
30-Apr-2025 09:26:45,NIFTY,2025-05-15,546.7,24000,212.1
30-Apr-2025 09:26:45,NIFTY,2025-05-22,646.95,24000,268.25
30-Apr-2025 09:26:45,NIFTY,2025-05-29,694.8,24000,305.0
30-Apr-2025 09:26:45,NIFTY,2025-06-26,907.75,24000,423.1
30-Apr-2025 09:26:45,NIFTY,2025-07-31,1118.35,24000,502.5
30-Apr-2025 09:26:45,NIFTY,2025-09-25,1453.0,24000,583.9
30-Apr-2025 09:26:45,NIFTY,2025-12-24,1848.6,24000,663.65
30-Apr-2025 09:26:45,NIFTY,2026-03-26,0.0,24000,0.0
30-Apr-2025 09:26:45,NIFTY,2026-06-25,0.0,24000,925.05
30-Apr-2025 09:26:45,NIFTY,2026-12-31,0.0,24000,0.0
30-Apr-2025 09:26:45,NIFTY,2027-06-24,0.0,24000,0.0
30-Apr-2025 09:26:45,NIFTY,2027-12-30,0.0,24000,0.0
30-Apr-2025 09:26:45,NIFTY,2028-06-29,0.0,24000,0.0
30-Apr-2025 09:26:45,NIFTY,2028-12-28,0.0,24000,0.0
30-Apr-2025 09:26:45,NIFTY,2029-06-28,0.0,24000,0.0
30-Apr-2025 09:26:45,NIFTY,2025-04-30,243.2,24050,5.8
30-Apr-2025 09:26:45,NIFTY,2025-05-08,399.0,24050,142.2
30-Apr-2025 09:26:45,NIFTY,2025-05-15,513.0,24050,221.15
30-Apr-2025 09:26:45,NIFTY,2025-05-22,591.4,24050,0.0
30-Apr-2025 09:26:45,NIFTY,2025-05-29,673.0,24050,317.8
30-Apr-2025 09:26:45,NIFTY,2025-06-26,0.0,24050,0.0
30-Apr-2025 09:26:45,NIFTY,2025-07-31,0.0,24050,0.0
30-Apr-2025 09:26:45,NIFTY,2025-04-30,193.6,24100,7.2
30-Apr-2025 09:26:45,NIFTY,2025-05-08,365.0,24100,155.4
30-Apr-2025 09:26:45,NIFTY,2025-05-15,478.35,24100,243.7
30-Apr-2025 09:26:45,NIFTY,2025-05-22,558.95,24100,275.05
30-Apr-2025 09:26:45,NIFTY,2025-05-29,620.95,24100,333.7
30-Apr-2025 09:26:45,NIFTY,2025-06-26,0.0,24100,447.9
30-Apr-2025 09:26:45,NIFTY,2025-07-31,0.0,24100,0.0
30-Apr-2025 09:26:45,NIFTY,2025-04-30,146.3,24150,9.1
30-Apr-2025 09:26:45,NIFTY,2025-05-08,325.35,24150,170.9
30-Apr-2025 09:26:45,NIFTY,2025-05-15,454.3,24150,251.05
30-Apr-2025 09:26:45,NIFTY,2025-05-22,0.0,24150,300.0
30-Apr-2025 09:26:45,NIFTY,2025-05-29,601.0,24150,351.5
30-Apr-2025 09:26:45,NIFTY,2025-06-26,0.0,24150,0.0
30-Apr-2025 09:26:45,NIFTY,2025-07-31,0.0,24150,0.0
30-Apr-2025 09:26:45,NIFTY,2025-04-30,100.4,24200,13.1
30-Apr-2025 09:26:45,NIFTY,2025-05-08,298.2,24200,188.4
30-Apr-2025 09:26:45,NIFTY,2025-05-15,409.4,24200,276.15
30-Apr-2025 09:26:45,NIFTY,2025-05-22,488.4,24200,311.95
30-Apr-2025 09:26:45,NIFTY,2025-05-29,557.5,24200,369.0
30-Apr-2025 09:26:45,NIFTY,2025-06-26,772.95,24200,486.5
30-Apr-2025 09:26:45,NIFTY,2025-07-31,0.0,24200,0.0
30-Apr-2025 09:26:45,NIFTY,2025-04-30,56.7,24250,20.25
30-Apr-2025 09:26:45,NIFTY,2025-05-08,266.35,24250,208.2
30-Apr-2025 09:26:45,NIFTY,2025-05-15,378.85,24250,296.2
30-Apr-2025 09:26:45,NIFTY,2025-05-22,0.0,24250,322.7
30-Apr-2025 09:26:45,NIFTY,2025-05-29,526.8,24250,389.45
30-Apr-2025 09:26:45,NIFTY,2025-06-26,0.0,24250,512.3
30-Apr-2025 09:26:45,NIFTY,2025-07-31,0.0,24250,0.0
30-Apr-2025 09:26:45,NIFTY,2025-04-30,25.65,24300,39.15
30-Apr-2025 09:26:45,NIFTY,2025-05-08,236.1,24300,228.0
30-Apr-2025 09:26:45,NIFTY,2025-05-15,352.3,24300,312.15
30-Apr-2025 09:26:45,NIFTY,2025-05-22,430.0,24300,362.0
30-Apr-2025 09:26:45,NIFTY,2025-05-29,496.7,24300,406.25
30-Apr-2025 09:26:45,NIFTY,2025-06-26,710.0,24300,519.95
30-Apr-2025 09:26:45,NIFTY,2025-07-31,929.0,24300,0.0
30-Apr-2025 09:26:45,NIFTY,2025-04-30,14.2,24350,76.0
30-Apr-2025 09:26:45,NIFTY,2025-05-08,208.55,24350,250.55
30-Apr-2025 09:26:45,NIFTY,2025-05-15,318.6,24350,339.9
30-Apr-2025 09:26:45,NIFTY,2025-05-22,0.0,24350,370.0
30-Apr-2025 09:26:45,NIFTY,2025-05-29,463.95,24350,424.55
30-Apr-2025 09:26:45,NIFTY,2025-06-26,0.0,24350,516.95
30-Apr-2025 09:26:45,NIFTY,2025-07-31,0.0,24350,0.0
30-Apr-2025 09:26:45,NIFTY,2025-04-30,8.8,24400,121.6
30-Apr-2025 09:26:45,NIFTY,2025-05-08,183.0,24400,273.8
30-Apr-2025 09:26:45,NIFTY,2025-05-15,294.6,24400,356.3
30-Apr-2025 09:26:45,NIFTY,2025-05-22,0.0,24400,396.0
30-Apr-2025 09:26:45,NIFTY,2025-05-29,437.0,24400,445.3
30-Apr-2025 09:26:45,NIFTY,2025-06-26,650.0,24400,545.0
30-Apr-2025 09:26:45,NIFTY,2025-07-31,0.0,24400,635.0
30-Apr-2025 09:26:45,NIFTY,2025-04-30,5.85,24450,169.0
30-Apr-2025 09:26:45,NIFTY,2025-05-08,159.85,24450,301.3
30-Apr-2025 09:26:45,NIFTY,2025-05-15,270.8,24450,370.5
30-Apr-2025 09:26:45,NIFTY,2025-05-22,0.0,24450,0.0
30-Apr-2025 09:26:45,NIFTY,2025-05-29,407.05,24450,466.15
30-Apr-2025 09:26:45,NIFTY,2025-06-26,626.0,24450,0.0
30-Apr-2025 09:26:45,NIFTY,2025-07-31,0.0,24450,0.0
30-Apr-2025 09:26:45,NIFTY,2025-04-30,4.2,24500,216.6
30-Apr-2025 09:26:45,NIFTY,2025-05-08,138.5,24500,327.8
30-Apr-2025 09:26:45,NIFTY,2025-05-15,242.5,24500,406.0
30-Apr-2025 09:26:45,NIFTY,2025-05-22,331.6,24500,453.1
30-Apr-2025 09:26:45,NIFTY,2025-05-29,381.0,24500,490.65
30-Apr-2025 09:26:45,NIFTY,2025-06-26,595.0,24500,596.4
30-Apr-2025 09:26:45,NIFTY,2025-07-31,817.45,24500,668.0
30-Apr-2025 09:26:45,NIFTY,2025-04-30,3.05,24550,266.15
30-Apr-2025 09:26:45,NIFTY,2025-05-08,119.15,24550,358.85
30-Apr-2025 09:26:45,NIFTY,2025-05-15,227.0,24550,0.0
30-Apr-2025 09:26:45,NIFTY,2025-05-22,0.0,24550,472.55
30-Apr-2025 09:26:45,NIFTY,2025-05-29,363.0,24550,517.75
30-Apr-2025 09:26:45,NIFTY,2025-06-26,0.0,24550,0.0
30-Apr-2025 09:26:45,NIFTY,2025-07-31,0.0,24550,0.0
30-Apr-2025 09:26:45,NIFTY,2025-04-30,2.4,24600,316.7
30-Apr-2025 09:26:45,NIFTY,2025-05-08,100.55,24600,392.05
30-Apr-2025 09:26:45,NIFTY,2025-05-15,199.55,24600,464.15
30-Apr-2025 09:26:45,NIFTY,2025-05-22,0.0,24600,0.0
30-Apr-2025 09:26:45,NIFTY,2025-05-29,331.3,24600,541.5
30-Apr-2025 09:26:45,NIFTY,2025-06-26,531.9,24600,640.0
30-Apr-2025 09:26:45,NIFTY,2025-07-31,0.0,24600,715.0
30-Apr-2025 09:26:45,NIFTY,2025-04-30,2.0,24650,360.9
30-Apr-2025 09:26:45,NIFTY,2025-05-08,86.0,24650,429.0
30-Apr-2025 09:26:45,NIFTY,2025-05-15,185.2,24650,476.85
30-Apr-2025 09:26:45,NIFTY,2025-05-22,0.0,24650,0.0
30-Apr-2025 09:26:45,NIFTY,2025-05-29,305.45,24650,565.0
30-Apr-2025 09:26:45,NIFTY,2025-06-26,0.0,24650,0.0
30-Apr-2025 09:26:45,NIFTY,2025-07-31,0.0,24650,0.0
30-Apr-2025 09:26:45,NIFTY,2025-04-30,1.7,24700,414.05
30-Apr-2025 09:26:45,NIFTY,2025-05-08,72.6,24700,463.8
30-Apr-2025 09:26:45,NIFTY,2025-05-15,160.35,24700,514.5
30-Apr-2025 09:26:45,NIFTY,2025-05-22,0.0,24700,0.0
30-Apr-2025 09:26:45,NIFTY,2025-05-29,284.0,24700,593.5
30-Apr-2025 09:26:45,NIFTY,2025-06-26,483.0,24700,687.1
30-Apr-2025 09:26:45,NIFTY,2025-07-31,0.0,24700,0.0
30-Apr-2025 09:26:45,NIFTY,2025-04-30,1.45,24750,466.9
30-Apr-2025 09:26:45,NIFTY,2025-05-08,61.8,24750,0.0
30-Apr-2025 09:26:45,NIFTY,2025-05-15,146.65,24750,0.0
30-Apr-2025 09:26:45,NIFTY,2025-05-22,0.0,24750,0.0
30-Apr-2025 09:26:45,NIFTY,2025-05-29,266.0,24750,613.55
30-Apr-2025 09:26:45,NIFTY,2025-06-26,0.0,24750,0.0
30-Apr-2025 09:26:45,NIFTY,2025-07-31,0.0,24750,0.0
30-Apr-2025 09:26:45,NIFTY,2025-04-30,1.35,24800,512.1
30-Apr-2025 09:26:45,NIFTY,2025-05-08,51.2,24800,548.1
30-Apr-2025 09:26:45,NIFTY,2025-05-15,123.9,24800,0.0
30-Apr-2025 09:26:45,NIFTY,2025-05-22,190.0,24800,0.0
30-Apr-2025 09:26:45,NIFTY,2025-05-29,241.4,24800,653.95
30-Apr-2025 09:26:45,NIFTY,2025-06-26,436.5,24800,729.0
30-Apr-2025 09:26:45,NIFTY,2025-07-31,0.0,24800,0.0
30-Apr-2025 09:26:45,NIFTY,2025-04-30,1.2,24850,571.9
30-Apr-2025 09:26:45,NIFTY,2025-05-08,43.5,24850,572.1
30-Apr-2025 09:26:45,NIFTY,2025-05-15,113.0,24850,0.0
30-Apr-2025 09:26:45,NIFTY,2025-05-22,0.0,24850,0.0
30-Apr-2025 09:26:45,NIFTY,2025-05-29,222.05,24850,665.95
30-Apr-2025 09:26:45,NIFTY,2025-06-26,413.8,24850,750.35
30-Apr-2025 09:26:45,NIFTY,2025-07-31,0.0,24850,0.0
30-Apr-2025 09:26:45,NIFTY,2025-04-30,1.05,24900,618.45
30-Apr-2025 09:26:45,NIFTY,2025-05-08,35.5,24900,0.0
30-Apr-2025 09:26:45,NIFTY,2025-05-15,99.8,24900,0.0
30-Apr-2025 09:26:45,NIFTY,2025-05-22,0.0,24900,0.0
30-Apr-2025 09:26:45,NIFTY,2025-05-29,203.9,24900,698.45
30-Apr-2025 09:26:45,NIFTY,2025-06-26,391.45,24900,0.0
30-Apr-2025 09:26:45,NIFTY,2025-07-31,0.0,24900,0.0
30-Apr-2025 09:26:45,NIFTY,2025-04-30,0.95,24950,0.0
30-Apr-2025 09:26:45,NIFTY,2025-05-08,30.15,24950,0.0
30-Apr-2025 09:26:45,NIFTY,2025-05-15,87.5,24950,0.0
30-Apr-2025 09:26:45,NIFTY,2025-05-22,0.0,24950,0.0
30-Apr-2025 09:26:45,NIFTY,2025-05-29,186.0,24950,729.95
30-Apr-2025 09:26:45,NIFTY,2025-06-26,0.0,24950,0.0
30-Apr-2025 09:26:45,NIFTY,2025-07-31,0.0,24950,0.0
30-Apr-2025 09:26:45,NIFTY,2025-04-30,0.85,25000,718.0
30-Apr-2025 09:26:45,NIFTY,2025-05-08,24.9,25000,713.85
30-Apr-2025 09:26:45,NIFTY,2025-05-15,76.4,25000,0.0
30-Apr-2025 09:26:45,NIFTY,2025-05-22,129.3,25000,0.0
30-Apr-2025 09:26:45,NIFTY,2025-05-29,170.55,25000,775.0
30-Apr-2025 09:26:45,NIFTY,2025-06-26,351.3,25000,850.5
30-Apr-2025 09:26:45,NIFTY,2025-07-31,542.65,25000,890.5
30-Apr-2025 09:26:45,NIFTY,2025-09-25,820.0,25000,912.0
30-Apr-2025 09:26:45,NIFTY,2025-12-24,1219.0,25000,964.15
30-Apr-2025 09:26:45,NIFTY,2026-03-26,0.0,25000,0.0
30-Apr-2025 09:26:45,NIFTY,2026-06-25,0.0,25000,0.0
30-Apr-2025 09:26:45,NIFTY,2026-12-31,0.0,25000,0.0
30-Apr-2025 09:26:45,NIFTY,2027-06-24,0.0,25000,0.0
30-Apr-2025 09:26:45,NIFTY,2027-12-30,0.0,25000,0.0
30-Apr-2025 09:26:45,NIFTY,2028-06-29,0.0,25000,0.0
30-Apr-2025 09:26:45,NIFTY,2028-12-28,0.0,25000,0.0
30-Apr-2025 09:26:45,NIFTY,2029-06-28,0.0,25000,0.0
30-Apr-2025 09:26:45,NIFTY,2029-12-27,0.0,25000,0.0
30-Apr-2025 09:26:45,NIFTY,2025-04-30,0.85,25050,0.0
30-Apr-2025 09:26:45,NIFTY,2025-05-08,20.35,25050,0.0
30-Apr-2025 09:26:45,NIFTY,2025-05-15,71.55,25050,0.0
30-Apr-2025 09:26:45,NIFTY,2025-05-22,0.0,25050,0.0
30-Apr-2025 09:26:45,NIFTY,2025-05-29,155.5,25050,0.0
30-Apr-2025 09:26:45,NIFTY,2025-06-26,0.0,25050,0.0
30-Apr-2025 09:26:45,NIFTY,2025-07-31,0.0,25050,0.0
30-Apr-2025 09:26:45,NIFTY,2025-04-30,0.75,25100,0.0
30-Apr-2025 09:26:45,NIFTY,2025-05-08,16.95,25100,829.3
30-Apr-2025 09:26:45,NIFTY,2025-05-15,57.0,25100,0.0
30-Apr-2025 09:26:45,NIFTY,2025-05-22,0.0,25100,0.0
30-Apr-2025 09:26:45,NIFTY,2025-05-29,142.45,25100,833.95
30-Apr-2025 09:26:45,NIFTY,2025-06-26,310.95,25100,0.0
30-Apr-2025 09:26:45,NIFTY,2025-07-31,0.0,25100,0.0
30-Apr-2025 09:26:45,NIFTY,2025-04-30,0.8,25150,0.0
30-Apr-2025 09:26:45,NIFTY,2025-05-08,14.15,25150,0.0
30-Apr-2025 09:26:45,NIFTY,2025-05-15,0.0,25150,0.0
30-Apr-2025 09:26:45,NIFTY,2025-05-22,0.0,25150,0.0
30-Apr-2025 09:26:45,NIFTY,2025-05-29,130.35,25150,875.25
30-Apr-2025 09:26:45,NIFTY,2025-06-26,0.0,25150,0.0
30-Apr-2025 09:26:45,NIFTY,2025-07-31,0.0,25150,0.0
30-Apr-2025 09:26:45,NIFTY,2025-04-30,0.75,25200,0.0
30-Apr-2025 09:26:45,NIFTY,2025-05-08,11.75,25200,887.95
30-Apr-2025 09:26:45,NIFTY,2025-05-15,40.1,25200,0.0
30-Apr-2025 09:26:45,NIFTY,2025-05-22,0.0,25200,0.0
30-Apr-2025 09:26:45,NIFTY,2025-05-29,116.7,25200,921.0
30-Apr-2025 09:26:45,NIFTY,2025-06-26,276.7,25200,0.0
30-Apr-2025 09:26:45,NIFTY,2025-07-31,0.0,25200,0.0
30-Apr-2025 09:26:45,NIFTY,2025-04-30,0.75,25250,0.0
30-Apr-2025 09:26:45,NIFTY,2025-05-08,10.15,25250,0.0
30-Apr-2025 09:26:45,NIFTY,2025-05-15,46.15,25250,0.0
30-Apr-2025 09:26:45,NIFTY,2025-05-22,0.0,25250,0.0
30-Apr-2025 09:26:45,NIFTY,2025-05-29,106.8,25250,951.25
30-Apr-2025 09:26:45,NIFTY,2025-06-26,0.0,25250,0.0
30-Apr-2025 09:26:45,NIFTY,2025-07-31,0.0,25250,0.0
30-Apr-2025 09:26:45,NIFTY,2025-04-30,0.7,25300,1012.35
30-Apr-2025 09:26:45,NIFTY,2025-05-08,8.4,25300,0.0
30-Apr-2025 09:26:45,NIFTY,2025-05-15,34.35,25300,0.0
30-Apr-2025 09:26:45,NIFTY,2025-05-22,0.0,25300,0.0
30-Apr-2025 09:26:45,NIFTY,2025-05-29,95.65,25300,998.95
30-Apr-2025 09:26:45,NIFTY,2025-06-26,244.8,25300,0.0
30-Apr-2025 09:26:45,NIFTY,2025-07-31,0.0,25300,0.0
30-Apr-2025 09:26:45,NIFTY,2025-04-30,0.7,25350,0.0
30-Apr-2025 09:26:45,NIFTY,2025-05-08,7.3,25350,0.0
30-Apr-2025 09:26:45,NIFTY,2025-05-15,27.75,25350,0.0
30-Apr-2025 09:26:45,NIFTY,2025-05-22,0.0,25350,0.0
30-Apr-2025 09:26:45,NIFTY,2025-05-29,86.25,25350,1031.8
30-Apr-2025 09:26:45,NIFTY,2025-06-26,0.0,25350,1050.2
30-Apr-2025 09:26:45,NIFTY,2025-07-31,0.0,25350,0.0
30-Apr-2025 09:26:45,NIFTY,2025-04-30,0.65,25400,0.0
30-Apr-2025 09:26:45,NIFTY,2025-05-08,6.2,25400,0.0
30-Apr-2025 09:26:45,NIFTY,2025-05-15,25.25,25400,0.0
30-Apr-2025 09:26:45,NIFTY,2025-05-22,58.2,25400,0.0
30-Apr-2025 09:26:45,NIFTY,2025-05-29,78.2,25400,1066.45
30-Apr-2025 09:26:45,NIFTY,2025-06-26,216.75,25400,0.0
30-Apr-2025 09:26:45,NIFTY,2025-07-31,0.0,25400,0.0
30-Apr-2025 09:26:45,NIFTY,2025-04-30,0.65,25450,0.0
30-Apr-2025 09:26:45,NIFTY,2025-05-08,5.6,25450,0.0
30-Apr-2025 09:26:45,NIFTY,2025-05-15,21.9,25450,0.0
30-Apr-2025 09:26:45,NIFTY,2025-05-22,0.0,25450,0.0
30-Apr-2025 09:26:45,NIFTY,2025-05-29,71.3,25450,0.0
30-Apr-2025 09:26:45,NIFTY,2025-06-26,0.0,25450,1118.3
30-Apr-2025 09:26:45,NIFTY,2025-07-31,0.0,25450,0.0
30-Apr-2025 09:26:45,NIFTY,2025-04-30,0.55,25500,1211.05
30-Apr-2025 09:26:45,NIFTY,2025-05-08,4.75,25500,1188.1
30-Apr-2025 09:26:45,NIFTY,2025-05-15,20.5,25500,0.0
30-Apr-2025 09:26:45,NIFTY,2025-05-22,44.95,25500,0.0
30-Apr-2025 09:26:45,NIFTY,2025-05-29,63.95,25500,1137.7
30-Apr-2025 09:26:45,NIFTY,2025-06-26,189.55,25500,1180.05
30-Apr-2025 09:26:45,NIFTY,2025-07-31,340.0,25500,1170.15
30-Apr-2025 09:26:45,NIFTY,2025-04-30,0.6,25550,0.0
30-Apr-2025 09:26:45,NIFTY,2025-05-08,4.15,25550,0.0
30-Apr-2025 09:26:45,NIFTY,2025-05-15,20.05,25550,0.0
30-Apr-2025 09:26:45,NIFTY,2025-05-22,0.0,25550,0.0
30-Apr-2025 09:26:45,NIFTY,2025-05-29,59.5,25550,0.0
30-Apr-2025 09:26:45,NIFTY,2025-06-26,0.0,25550,0.0
30-Apr-2025 09:26:45,NIFTY,2025-07-31,0.0,25550,0.0
30-Apr-2025 09:26:45,NIFTY,2025-04-30,0.6,25600,0.0
30-Apr-2025 09:26:45,NIFTY,2025-05-08,3.6,25600,1328.25
30-Apr-2025 09:26:45,NIFTY,2025-05-15,16.65,25600,0.0
30-Apr-2025 09:26:45,NIFTY,2025-05-22,0.0,25600,0.0
30-Apr-2025 09:26:45,NIFTY,2025-05-29,52.5,25600,0.0
30-Apr-2025 09:26:45,NIFTY,2025-06-26,171.5,25600,0.0
30-Apr-2025 09:26:45,NIFTY,2025-07-31,388.0,25600,0.0
30-Apr-2025 09:26:45,NIFTY,2025-04-30,0.6,25650,0.0
30-Apr-2025 09:26:45,NIFTY,2025-05-08,3.35,25650,0.0
30-Apr-2025 09:26:45,NIFTY,2025-05-15,0.0,25650,0.0
30-Apr-2025 09:26:45,NIFTY,2025-05-22,0.0,25650,0.0
30-Apr-2025 09:26:45,NIFTY,2025-05-29,47.5,25650,0.0
30-Apr-2025 09:26:45,NIFTY,2025-06-26,0.0,25650,0.0
30-Apr-2025 09:26:45,NIFTY,2025-07-31,0.0,25650,0.0
30-Apr-2025 09:26:45,NIFTY,2025-04-30,0.6,25700,0.0
30-Apr-2025 09:26:45,NIFTY,2025-05-08,2.7,25700,0.0
30-Apr-2025 09:26:45,NIFTY,2025-05-15,17.5,25700,0.0
30-Apr-2025 09:26:45,NIFTY,2025-05-22,32.35,25700,0.0
30-Apr-2025 09:26:45,NIFTY,2025-05-29,43.7,25700,0.0
30-Apr-2025 09:26:45,NIFTY,2025-06-26,144.0,25700,0.0
30-Apr-2025 09:26:45,NIFTY,2025-07-31,0.0,25700,0.0
30-Apr-2025 09:26:45,NIFTY,2025-04-30,0.55,25750,0.0
30-Apr-2025 09:26:45,NIFTY,2025-05-08,2.55,25750,0.0
30-Apr-2025 09:26:45,NIFTY,2025-05-15,0.0,25750,0.0
30-Apr-2025 09:26:45,NIFTY,2025-05-22,0.0,25750,0.0
30-Apr-2025 09:26:45,NIFTY,2025-05-29,0.0,25750,0.0
30-Apr-2025 09:26:45,NIFTY,2025-06-26,0.0,25750,0.0
30-Apr-2025 09:26:45,NIFTY,2025-07-31,0.0,25750,0.0
30-Apr-2025 09:26:45,NIFTY,2025-04-30,0.55,25800,0.0
30-Apr-2025 09:26:45,NIFTY,2025-05-08,2.35,25800,0.0
30-Apr-2025 09:26:45,NIFTY,2025-05-15,9.25,25800,0.0
30-Apr-2025 09:26:45,NIFTY,2025-05-22,0.0,25800,0.0
30-Apr-2025 09:26:45,NIFTY,2025-05-29,36.35,25800,0.0
30-Apr-2025 09:26:45,NIFTY,2025-06-26,0.0,25800,0.0
30-Apr-2025 09:26:45,NIFTY,2025-07-31,0.0,25800,0.0
30-Apr-2025 09:26:45,NIFTY,2025-04-30,0.55,25850,0.0
30-Apr-2025 09:26:45,NIFTY,2025-05-08,2.3,25850,0.0
30-Apr-2025 09:26:45,NIFTY,2025-05-15,0.0,25850,0.0
30-Apr-2025 09:26:45,NIFTY,2025-05-22,0.0,25850,0.0
30-Apr-2025 09:26:45,NIFTY,2025-05-29,33.5,25850,0.0
30-Apr-2025 09:26:45,NIFTY,2025-06-26,118.7,25850,0.0
30-Apr-2025 09:26:45,NIFTY,2025-07-31,0.0,25850,0.0
30-Apr-2025 09:26:45,NIFTY,2025-04-30,0.5,25900,0.0
30-Apr-2025 09:26:45,NIFTY,2025-05-08,2.25,25900,0.0
30-Apr-2025 09:26:45,NIFTY,2025-05-15,8.15,25900,0.0
30-Apr-2025 09:26:45,NIFTY,2025-05-22,20.4,25900,0.0
30-Apr-2025 09:26:45,NIFTY,2025-05-29,30.75,25900,0.0
30-Apr-2025 09:26:45,NIFTY,2025-06-26,0.0,25900,0.0
30-Apr-2025 09:26:45,NIFTY,2025-07-31,0.0,25900,0.0
30-Apr-2025 09:26:45,NIFTY,2025-04-30,0.5,25950,0.0
30-Apr-2025 09:26:45,NIFTY,2025-05-08,2.25,25950,0.0
30-Apr-2025 09:26:45,NIFTY,2025-05-15,0.0,25950,0.0
30-Apr-2025 09:26:45,NIFTY,2025-05-22,0.0,25950,0.0
30-Apr-2025 09:26:45,NIFTY,2025-05-29,0.0,25950,0.0
30-Apr-2025 09:26:45,NIFTY,2025-06-26,0.0,25950,0.0
30-Apr-2025 09:26:45,NIFTY,2025-07-31,0.0,25950,0.0
30-Apr-2025 09:26:45,NIFTY,2025-04-30,0.5,26000,0.0
30-Apr-2025 09:26:45,NIFTY,2025-05-08,2.3,26000,0.0
30-Apr-2025 09:26:45,NIFTY,2025-05-15,6.0,26000,0.0
30-Apr-2025 09:26:45,NIFTY,2025-05-22,15.4,26000,0.0
30-Apr-2025 09:26:45,NIFTY,2025-05-29,26.65,26000,1625.0
30-Apr-2025 09:26:45,NIFTY,2025-06-26,94.0,26000,1547.2
30-Apr-2025 09:26:45,NIFTY,2025-07-31,201.0,26000,0.0
30-Apr-2025 09:26:45,NIFTY,2025-09-25,395.75,26000,1445.25
30-Apr-2025 09:26:45,NIFTY,2025-12-24,700.0,26000,1405.0
30-Apr-2025 09:26:45,NIFTY,2026-06-25,0.0,26000,0.0
30-Apr-2025 09:26:45,NIFTY,2026-12-31,0.0,26000,0.0
30-Apr-2025 09:26:45,NIFTY,2027-06-24,0.0,26000,0.0
30-Apr-2025 09:26:45,NIFTY,2027-12-30,0.0,26000,0.0
30-Apr-2025 09:26:45,NIFTY,2028-06-29,0.0,26000,0.0
30-Apr-2025 09:26:45,NIFTY,2028-12-28,0.0,26000,0.0
30-Apr-2025 09:26:45,NIFTY,2029-06-28,0.0,26000,0.0
30-Apr-2025 09:26:45,NIFTY,2029-12-27,0.0,26000,0.0
30-Apr-2025 09:26:45,NIFTY,2025-04-30,0.55,26050,0.0
30-Apr-2025 09:26:45,NIFTY,2025-05-08,2.15,26050,0.0
30-Apr-2025 09:26:45,NIFTY,2025-05-15,6.9,26050,0.0
30-Apr-2025 09:26:45,NIFTY,2025-05-22,15.2,26050,0.0
30-Apr-2025 09:26:45,NIFTY,2025-05-29,24.5,26050,0.0
30-Apr-2025 09:26:45,NIFTY,2025-06-26,0.0,26050,0.0
30-Apr-2025 09:26:45,NIFTY,2025-07-31,0.0,26050,0.0
30-Apr-2025 09:26:45,NIFTY,2025-04-30,0.5,26100,0.0
30-Apr-2025 09:26:45,NIFTY,2025-05-08,2.2,26100,0.0
30-Apr-2025 09:26:45,NIFTY,2025-05-15,5.05,26100,0.0
30-Apr-2025 09:26:45,NIFTY,2025-05-22,0.0,26100,0.0
30-Apr-2025 09:26:45,NIFTY,2025-05-29,22.2,26100,0.0
30-Apr-2025 09:26:45,NIFTY,2025-06-26,0.0,26100,0.0
30-Apr-2025 09:26:45,NIFTY,2025-07-31,0.0,26100,0.0
30-Apr-2025 09:26:45,NIFTY,2025-06-26,27.2,27000,2485.15
30-Apr-2025 09:26:45,NIFTY,2025-09-25,162.0,27000,0.0
30-Apr-2025 09:26:45,NIFTY,2025-12-24,372.9,27000,0.0
30-Apr-2025 09:26:45,NIFTY,2026-03-26,0.0,27000,0.0
30-Apr-2025 09:26:45,NIFTY,2026-06-25,0.0,27000,0.0
30-Apr-2025 09:26:45,NIFTY,2026-12-31,0.0,27000,0.0
30-Apr-2025 09:26:45,NIFTY,2027-06-24,0.0,27000,0.0
30-Apr-2025 09:26:45,NIFTY,2027-12-30,0.0,27000,0.0
30-Apr-2025 09:26:45,NIFTY,2028-06-29,0.0,27000,0.0
30-Apr-2025 09:26:45,NIFTY,2028-12-28,0.0,27000,0.0
30-Apr-2025 09:26:45,NIFTY,2029-06-28,0.0,27000,0.0
30-Apr-2025 09:26:45,NIFTY,2029-12-27,0.0,27000,0.0
30-Apr-2025 09:26:45,NIFTY,2025-06-26,15.85,28000,3467.5
30-Apr-2025 09:26:45,NIFTY,2025-09-25,63.4,28000,0.0
30-Apr-2025 09:26:45,NIFTY,2025-12-24,185.15,28000,2681.75
30-Apr-2025 09:26:45,NIFTY,2026-03-26,0.0,28000,0.0
30-Apr-2025 09:26:45,NIFTY,2026-06-25,0.0,28000,0.0
30-Apr-2025 09:26:45,NIFTY,2026-12-31,0.0,28000,0.0
30-Apr-2025 09:26:45,NIFTY,2028-06-29,0.0,28000,0.0
30-Apr-2025 09:26:45,NIFTY,2028-12-28,0.0,28000,0.0
30-Apr-2025 09:26:45,NIFTY,2029-06-28,0.0,28000,0.0
30-Apr-2025 09:26:45,NIFTY,2029-12-27,0.0,28000,0.0
30-Apr-2025 09:26:45,NIFTY,2025-06-26,12.05,29000,4407.05
30-Apr-2025 09:26:45,NIFTY,2025-09-25,36.0,29000,0.0
30-Apr-2025 09:26:45,NIFTY,2025-12-24,101.65,29000,0.0
30-Apr-2025 09:26:45,NIFTY,2026-03-26,0.0,29000,0.0
30-Apr-2025 09:26:45,NIFTY,2026-06-25,0.0,29000,0.0
30-Apr-2025 09:26:45,NIFTY,2026-12-31,0.0,29000,0.0
30-Apr-2025 09:26:45,NIFTY,2028-12-28,0.0,29000,0.0
30-Apr-2025 09:26:45,NIFTY,2029-06-28,0.0,29000,0.0
30-Apr-2025 09:26:45,NIFTY,2029-12-27,0.0,29000,0.0
30-Apr-2025 09:26:45,NIFTY,2025-06-26,10.0,30000,0.0
30-Apr-2025 09:26:45,NIFTY,2025-12-24,65.0,30000,0.0
30-Apr-2025 09:26:45,NIFTY,2025-12-24,0.0,31000,0.0
30-Apr-2025 09:27:45,NIFTY,2025-12-24,0.0,13000,0.0
30-Apr-2025 09:27:45,NIFTY,2025-06-26,0.0,14000,0.0
30-Apr-2025 09:27:45,NIFTY,2026-06-25,0.0,14000,0.0
30-Apr-2025 09:27:45,NIFTY,2026-12-31,0.0,14000,0.0
30-Apr-2025 09:27:45,NIFTY,2025-06-26,0.0,15000,0.0
30-Apr-2025 09:27:45,NIFTY,2025-12-24,0.0,15000,0.0
30-Apr-2025 09:27:45,NIFTY,2026-06-25,0.0,15000,0.0
30-Apr-2025 09:27:45,NIFTY,2026-12-31,0.0,15000,0.0
30-Apr-2025 09:27:45,NIFTY,2027-12-30,0.0,15000,0.0
30-Apr-2025 09:27:45,NIFTY,2025-06-26,0.0,16000,9.0
30-Apr-2025 09:27:45,NIFTY,2025-12-24,0.0,16000,0.0
30-Apr-2025 09:27:45,NIFTY,2026-06-25,0.0,16000,0.0
30-Apr-2025 09:27:45,NIFTY,2026-12-31,0.0,16000,0.0
30-Apr-2025 09:27:45,NIFTY,2025-12-24,0.0,16500,0.0
30-Apr-2025 09:27:45,NIFTY,2025-06-26,7412.1,17000,0.0
30-Apr-2025 09:27:45,NIFTY,2025-09-25,0.0,17000,0.0
30-Apr-2025 09:27:45,NIFTY,2025-12-24,0.0,17000,0.0
30-Apr-2025 09:27:45,NIFTY,2026-06-25,0.0,17000,0.0
30-Apr-2025 09:27:45,NIFTY,2026-12-31,0.0,17000,0.0
30-Apr-2025 09:27:45,NIFTY,2027-06-24,0.0,17000,0.0
30-Apr-2025 09:27:45,NIFTY,2027-12-30,0.0,17000,0.0
30-Apr-2025 09:27:45,NIFTY,2028-06-29,0.0,17000,0.0
30-Apr-2025 09:27:45,NIFTY,2028-12-28,0.0,17000,0.0
30-Apr-2025 09:27:45,NIFTY,2029-06-28,0.0,17000,0.0
30-Apr-2025 09:27:45,NIFTY,2029-12-27,0.0,17000,0.0
30-Apr-2025 09:27:45,NIFTY,2025-06-26,6365.7,18000,14.6
30-Apr-2025 09:27:45,NIFTY,2025-09-25,0.0,18000,0.0
30-Apr-2025 09:27:45,NIFTY,2025-12-24,0.0,18000,74.35
30-Apr-2025 09:27:45,NIFTY,2026-06-25,0.0,18000,0.0
30-Apr-2025 09:27:45,NIFTY,2026-12-31,0.0,18000,0.0
30-Apr-2025 09:27:45,NIFTY,2027-06-24,0.0,18000,0.0
30-Apr-2025 09:27:45,NIFTY,2027-12-30,0.0,18000,0.0
30-Apr-2025 09:27:45,NIFTY,2028-06-29,0.0,18000,0.0
30-Apr-2025 09:27:45,NIFTY,2028-12-28,0.0,18000,0.0
30-Apr-2025 09:27:45,NIFTY,2029-06-28,0.0,18000,0.0
30-Apr-2025 09:27:45,NIFTY,2029-12-27,0.0,18000,0.0
30-Apr-2025 09:27:45,NIFTY,2025-06-26,5459.4,19000,24.6
30-Apr-2025 09:27:45,NIFTY,2025-09-25,0.0,19000,0.0
30-Apr-2025 09:27:45,NIFTY,2025-12-24,0.0,19000,103.0
30-Apr-2025 09:27:45,NIFTY,2026-03-26,0.0,19000,0.0
30-Apr-2025 09:27:45,NIFTY,2026-06-25,0.0,19000,0.0
30-Apr-2025 09:27:45,NIFTY,2026-12-31,0.0,19000,0.0
30-Apr-2025 09:27:45,NIFTY,2027-06-24,0.0,19000,0.0
30-Apr-2025 09:27:45,NIFTY,2027-12-30,0.0,19000,0.0
30-Apr-2025 09:27:45,NIFTY,2028-06-29,0.0,19000,0.0
30-Apr-2025 09:27:45,NIFTY,2028-12-28,0.0,19000,0.0
30-Apr-2025 09:27:45,NIFTY,2029-06-28,0.0,19000,0.0
30-Apr-2025 09:27:45,NIFTY,2029-12-27,0.0,19000,0.0
30-Apr-2025 09:27:45,NIFTY,2025-12-24,0.0,19500,0.0
30-Apr-2025 09:27:45,NIFTY,2025-06-26,4458.85,20000,40.35
30-Apr-2025 09:27:45,NIFTY,2025-09-25,0.0,20000,94.0
30-Apr-2025 09:27:45,NIFTY,2025-12-24,0.0,20000,141.95
30-Apr-2025 09:27:45,NIFTY,2026-03-26,0.0,20000,0.0
30-Apr-2025 09:27:45,NIFTY,2026-06-25,0.0,20000,0.0
30-Apr-2025 09:27:45,NIFTY,2026-12-31,0.0,20000,0.0
30-Apr-2025 09:27:45,NIFTY,2027-06-24,0.0,20000,0.0
30-Apr-2025 09:27:45,NIFTY,2027-12-30,0.0,20000,0.0
30-Apr-2025 09:27:45,NIFTY,2028-06-29,0.0,20000,0.0
30-Apr-2025 09:27:45,NIFTY,2028-12-28,0.0,20000,0.0
30-Apr-2025 09:27:45,NIFTY,2029-06-28,0.0,20000,0.0
30-Apr-2025 09:27:45,NIFTY,2029-12-27,0.0,20000,0.0
30-Apr-2025 09:27:45,NIFTY,2025-05-29,0.0,20350,20.1
30-Apr-2025 09:27:45,NIFTY,2025-04-30,0.0,20400,0.4
30-Apr-2025 09:27:45,NIFTY,2025-05-08,0.0,20400,2.55
30-Apr-2025 09:27:45,NIFTY,2025-05-29,0.0,20400,21.05
30-Apr-2025 09:27:45,NIFTY,2025-06-26,0.0,20400,0.0
30-Apr-2025 09:27:45,NIFTY,2025-04-30,0.0,20450,0.35
30-Apr-2025 09:27:45,NIFTY,2025-05-08,0.0,20450,0.0
30-Apr-2025 09:27:45,NIFTY,2025-05-29,0.0,20450,0.0
30-Apr-2025 09:27:45,NIFTY,2025-06-26,0.0,20450,0.0
30-Apr-2025 09:27:45,NIFTY,2025-04-30,0.0,20500,0.4
30-Apr-2025 09:27:45,NIFTY,2025-05-08,0.0,20500,2.7
30-Apr-2025 09:27:45,NIFTY,2025-05-29,0.0,20500,20.2
30-Apr-2025 09:27:45,NIFTY,2025-06-26,0.0,20500,0.0
30-Apr-2025 09:27:45,NIFTY,2025-04-30,0.0,20550,0.4
30-Apr-2025 09:27:45,NIFTY,2025-05-08,0.0,20550,2.85
30-Apr-2025 09:27:45,NIFTY,2025-05-29,0.0,20550,0.0
30-Apr-2025 09:27:45,NIFTY,2025-06-26,0.0,20550,0.0
30-Apr-2025 09:27:45,NIFTY,2025-04-30,0.0,20600,0.45
30-Apr-2025 09:27:45,NIFTY,2025-05-08,0.0,20600,2.9
30-Apr-2025 09:27:45,NIFTY,2025-05-29,0.0,20600,19.6
30-Apr-2025 09:27:45,NIFTY,2025-06-26,0.0,20600,0.0
30-Apr-2025 09:27:45,NIFTY,2025-04-30,0.0,20650,0.45
30-Apr-2025 09:27:45,NIFTY,2025-05-08,0.0,20650,2.95
30-Apr-2025 09:27:45,NIFTY,2025-05-15,0.0,20650,7.65
30-Apr-2025 09:27:45,NIFTY,2025-05-29,0.0,20650,0.0
30-Apr-2025 09:27:45,NIFTY,2025-06-26,0.0,20650,0.0
30-Apr-2025 09:27:45,NIFTY,2025-04-30,0.0,20700,0.4
30-Apr-2025 09:27:45,NIFTY,2025-05-08,0.0,20700,3.15
30-Apr-2025 09:27:45,NIFTY,2025-05-15,0.0,20700,0.0
30-Apr-2025 09:27:45,NIFTY,2025-05-29,0.0,20700,21.3
30-Apr-2025 09:27:45,NIFTY,2025-06-26,0.0,20700,0.0
30-Apr-2025 09:27:45,NIFTY,2025-04-30,0.0,20750,0.4
30-Apr-2025 09:27:45,NIFTY,2025-05-08,0.0,20750,0.0
30-Apr-2025 09:27:45,NIFTY,2025-05-15,0.0,20750,0.0
30-Apr-2025 09:27:45,NIFTY,2025-05-29,0.0,20750,0.0
30-Apr-2025 09:27:45,NIFTY,2025-06-26,0.0,20750,0.0
30-Apr-2025 09:27:45,NIFTY,2025-04-30,0.0,20800,0.4
30-Apr-2025 09:27:45,NIFTY,2025-05-08,0.0,20800,3.25
30-Apr-2025 09:27:45,NIFTY,2025-05-15,0.0,20800,9.65
30-Apr-2025 09:27:45,NIFTY,2025-05-29,0.0,20800,23.05
30-Apr-2025 09:27:45,NIFTY,2025-06-26,0.0,20800,0.0
30-Apr-2025 09:27:45,NIFTY,2025-04-30,0.0,20850,0.45
30-Apr-2025 09:27:45,NIFTY,2025-05-08,0.0,20850,3.4
30-Apr-2025 09:27:45,NIFTY,2025-05-15,0.0,20850,0.0
30-Apr-2025 09:27:45,NIFTY,2025-05-29,0.0,20850,0.0
30-Apr-2025 09:27:45,NIFTY,2025-06-26,0.0,20850,0.0
30-Apr-2025 09:27:45,NIFTY,2025-04-30,0.0,20900,0.45
30-Apr-2025 09:27:45,NIFTY,2025-05-08,0.0,20900,3.45
30-Apr-2025 09:27:45,NIFTY,2025-05-15,0.0,20900,10.05
30-Apr-2025 09:27:45,NIFTY,2025-05-29,0.0,20900,26.0
30-Apr-2025 09:27:45,NIFTY,2025-06-26,0.0,20900,0.0
30-Apr-2025 09:27:45,NIFTY,2025-04-30,0.0,20950,0.4
30-Apr-2025 09:27:45,NIFTY,2025-05-08,0.0,20950,0.0
30-Apr-2025 09:27:45,NIFTY,2025-05-15,0.0,20950,0.0
30-Apr-2025 09:27:45,NIFTY,2025-05-29,0.0,20950,0.0
30-Apr-2025 09:27:45,NIFTY,2025-06-26,0.0,20950,0.0
30-Apr-2025 09:27:45,NIFTY,2025-04-30,0.0,21000,0.35
30-Apr-2025 09:27:45,NIFTY,2025-05-08,0.0,21000,3.65
30-Apr-2025 09:27:45,NIFTY,2025-05-15,0.0,21000,10.5
30-Apr-2025 09:27:45,NIFTY,2025-05-29,0.0,21000,27.35
30-Apr-2025 09:27:45,NIFTY,2025-06-26,3524.15,21000,65.0
30-Apr-2025 09:27:45,NIFTY,2025-09-25,0.0,21000,140.95
30-Apr-2025 09:27:45,NIFTY,2025-12-24,0.0,21000,200.0
30-Apr-2025 09:27:45,NIFTY,2026-03-26,0.0,21000,0.0
30-Apr-2025 09:27:45,NIFTY,2026-06-25,0.0,21000,0.0
30-Apr-2025 09:27:45,NIFTY,2026-12-31,0.0,21000,384.1
30-Apr-2025 09:27:45,NIFTY,2027-06-24,0.0,21000,0.0
30-Apr-2025 09:27:45,NIFTY,2028-06-29,0.0,21000,0.0
30-Apr-2025 09:27:45,NIFTY,2028-12-28,0.0,21000,0.0
30-Apr-2025 09:27:45,NIFTY,2029-06-28,0.0,21000,0.0
30-Apr-2025 09:27:45,NIFTY,2029-12-27,0.0,21000,0.0
30-Apr-2025 09:27:45,NIFTY,2025-04-30,0.0,21050,0.45
30-Apr-2025 09:27:45,NIFTY,2025-05-08,0.0,21050,3.9
30-Apr-2025 09:27:45,NIFTY,2025-05-15,0.0,21050,10.85
30-Apr-2025 09:27:45,NIFTY,2025-05-29,0.0,21050,0.0
30-Apr-2025 09:27:45,NIFTY,2025-06-26,0.0,21050,0.0
30-Apr-2025 09:27:45,NIFTY,2025-04-30,0.0,21100,0.45
30-Apr-2025 09:27:45,NIFTY,2025-05-08,0.0,21100,4.05
30-Apr-2025 09:27:45,NIFTY,2025-05-15,0.0,21100,0.0
30-Apr-2025 09:27:45,NIFTY,2025-05-29,0.0,21100,0.0
30-Apr-2025 09:27:45,NIFTY,2025-06-26,0.0,21100,0.0
30-Apr-2025 09:27:45,NIFTY,2025-04-30,0.0,21150,0.4
30-Apr-2025 09:27:45,NIFTY,2025-05-08,0.0,21150,4.05
30-Apr-2025 09:27:45,NIFTY,2025-05-15,0.0,21150,0.0
30-Apr-2025 09:27:45,NIFTY,2025-05-29,0.0,21150,0.0
30-Apr-2025 09:27:45,NIFTY,2025-06-26,0.0,21150,0.0
30-Apr-2025 09:27:45,NIFTY,2025-04-30,0.0,21200,0.45
30-Apr-2025 09:27:45,NIFTY,2025-05-08,0.0,21200,4.35
30-Apr-2025 09:27:45,NIFTY,2025-05-15,0.0,21200,11.5
30-Apr-2025 09:27:45,NIFTY,2025-05-29,0.0,21200,28.0
30-Apr-2025 09:27:45,NIFTY,2025-06-26,0.0,21200,0.0
30-Apr-2025 09:27:45,NIFTY,2025-04-30,0.0,21250,0.45
30-Apr-2025 09:27:45,NIFTY,2025-05-08,0.0,21250,4.45
30-Apr-2025 09:27:45,NIFTY,2025-05-15,0.0,21250,0.0
30-Apr-2025 09:27:45,NIFTY,2025-05-29,0.0,21250,0.0
30-Apr-2025 09:27:45,NIFTY,2025-06-26,0.0,21250,0.0
30-Apr-2025 09:27:45,NIFTY,2025-04-30,0.0,21300,0.45
30-Apr-2025 09:27:45,NIFTY,2025-05-08,0.0,21300,4.9
30-Apr-2025 09:27:45,NIFTY,2025-05-15,0.0,21300,0.0
30-Apr-2025 09:27:45,NIFTY,2025-05-29,0.0,21300,28.75
30-Apr-2025 09:27:45,NIFTY,2025-06-26,0.0,21300,0.0
30-Apr-2025 09:27:45,NIFTY,2025-04-30,0.0,21350,0.5
30-Apr-2025 09:27:45,NIFTY,2025-05-08,0.0,21350,4.95
30-Apr-2025 09:27:45,NIFTY,2025-05-15,0.0,21350,0.0
30-Apr-2025 09:27:45,NIFTY,2025-05-29,0.0,21350,0.0
30-Apr-2025 09:27:45,NIFTY,2025-06-26,0.0,21350,0.0
30-Apr-2025 09:27:45,NIFTY,2025-04-30,0.0,21400,0.45
30-Apr-2025 09:27:45,NIFTY,2025-05-08,0.0,21400,5.0
30-Apr-2025 09:27:45,NIFTY,2025-05-15,0.0,21400,14.45
30-Apr-2025 09:27:45,NIFTY,2025-05-29,0.0,21400,32.0
30-Apr-2025 09:27:45,NIFTY,2025-06-26,0.0,21400,0.0
30-Apr-2025 09:27:45,NIFTY,2025-04-30,0.0,21450,0.45
30-Apr-2025 09:27:45,NIFTY,2025-05-08,0.0,21450,5.15
30-Apr-2025 09:27:45,NIFTY,2025-05-15,0.0,21450,0.0
30-Apr-2025 09:27:45,NIFTY,2025-05-29,0.0,21450,0.0
30-Apr-2025 09:27:45,NIFTY,2025-06-26,0.0,21450,0.0
30-Apr-2025 09:27:45,NIFTY,2025-04-30,0.0,21500,0.5
30-Apr-2025 09:27:45,NIFTY,2025-05-08,0.0,21500,5.6
30-Apr-2025 09:27:45,NIFTY,2025-05-15,0.0,21500,15.0
30-Apr-2025 09:27:45,NIFTY,2025-05-29,0.0,21500,36.0
30-Apr-2025 09:27:45,NIFTY,2025-06-26,0.0,21500,81.0
30-Apr-2025 09:27:45,NIFTY,2025-04-30,0.0,21550,0.45
30-Apr-2025 09:27:45,NIFTY,2025-05-08,0.0,21550,5.65
30-Apr-2025 09:27:45,NIFTY,2025-05-15,0.0,21550,0.0
30-Apr-2025 09:27:45,NIFTY,2025-05-29,0.0,21550,0.0
30-Apr-2025 09:27:45,NIFTY,2025-06-26,0.0,21550,0.0
30-Apr-2025 09:27:45,NIFTY,2025-04-30,0.0,21600,0.5
30-Apr-2025 09:27:45,NIFTY,2025-05-08,0.0,21600,5.95
30-Apr-2025 09:27:45,NIFTY,2025-05-15,0.0,21600,0.0
30-Apr-2025 09:27:45,NIFTY,2025-05-29,0.0,21600,38.1
30-Apr-2025 09:27:45,NIFTY,2025-06-26,0.0,21600,0.0
30-Apr-2025 09:27:45,NIFTY,2025-04-30,0.0,21650,0.5
30-Apr-2025 09:27:45,NIFTY,2025-05-08,0.0,21650,6.15
30-Apr-2025 09:27:45,NIFTY,2025-05-15,0.0,21650,0.0
30-Apr-2025 09:27:45,NIFTY,2025-05-29,0.0,21650,0.0
30-Apr-2025 09:27:45,NIFTY,2025-06-26,0.0,21650,0.0
30-Apr-2025 09:27:45,NIFTY,2025-04-30,0.0,21700,0.5
30-Apr-2025 09:27:45,NIFTY,2025-05-08,0.0,21700,6.45
30-Apr-2025 09:27:45,NIFTY,2025-05-15,0.0,21700,16.5
30-Apr-2025 09:27:45,NIFTY,2025-05-29,0.0,21700,41.7
30-Apr-2025 09:27:45,NIFTY,2025-06-26,0.0,21700,84.65
30-Apr-2025 09:27:45,NIFTY,2025-04-30,0.0,21750,0.5
30-Apr-2025 09:27:45,NIFTY,2025-05-08,0.0,21750,6.75
30-Apr-2025 09:27:45,NIFTY,2025-05-15,0.0,21750,0.0
30-Apr-2025 09:27:45,NIFTY,2025-05-29,0.0,21750,22.85
30-Apr-2025 09:27:45,NIFTY,2025-06-26,0.0,21750,0.0
30-Apr-2025 09:27:45,NIFTY,2025-04-30,0.0,21800,0.5
30-Apr-2025 09:27:45,NIFTY,2025-05-08,0.0,21800,7.0
30-Apr-2025 09:27:45,NIFTY,2025-05-15,0.0,21800,0.0
30-Apr-2025 09:27:45,NIFTY,2025-05-29,0.0,21800,43.5
30-Apr-2025 09:27:45,NIFTY,2025-06-26,0.0,21800,95.0
30-Apr-2025 09:27:45,NIFTY,2025-04-30,0.0,21850,0.55
30-Apr-2025 09:27:45,NIFTY,2025-05-08,0.0,21850,7.15
30-Apr-2025 09:27:45,NIFTY,2025-05-15,0.0,21850,19.0
30-Apr-2025 09:27:45,NIFTY,2025-05-29,0.0,21850,23.8
30-Apr-2025 09:27:45,NIFTY,2025-06-26,0.0,21850,0.0
30-Apr-2025 09:27:45,NIFTY,2025-04-30,0.0,21900,0.4
30-Apr-2025 09:27:45,NIFTY,2025-05-08,0.0,21900,7.6
30-Apr-2025 09:27:45,NIFTY,2025-05-15,0.0,21900,21.45
30-Apr-2025 09:27:45,NIFTY,2025-05-29,0.0,21900,48.65
30-Apr-2025 09:27:45,NIFTY,2025-06-26,0.0,21900,99.05
30-Apr-2025 09:27:45,NIFTY,2025-04-30,0.0,21950,0.5
30-Apr-2025 09:27:45,NIFTY,2025-05-08,0.0,21950,7.95
30-Apr-2025 09:27:45,NIFTY,2025-05-15,0.0,21950,0.0
30-Apr-2025 09:27:45,NIFTY,2025-05-29,0.0,21950,46.6
30-Apr-2025 09:27:45,NIFTY,2025-06-26,0.0,21950,0.0
30-Apr-2025 09:27:45,NIFTY,2025-04-30,2287.35,22000,0.5
30-Apr-2025 09:27:45,NIFTY,2025-05-08,2307.6,22000,8.5
30-Apr-2025 09:27:45,NIFTY,2025-05-15,0.0,22000,23.0
30-Apr-2025 09:27:45,NIFTY,2025-05-29,2416.55,22000,51.05
30-Apr-2025 09:27:45,NIFTY,2025-06-26,0.0,22000,109.5
30-Apr-2025 09:27:45,NIFTY,2025-09-25,2988.0,22000,222.55
30-Apr-2025 09:27:45,NIFTY,2025-12-24,3360.0,22000,290.25
30-Apr-2025 09:27:45,NIFTY,2026-03-26,0.0,22000,0.0
30-Apr-2025 09:27:45,NIFTY,2026-06-25,0.0,22000,0.0
30-Apr-2025 09:27:45,NIFTY,2026-12-31,0.0,22000,0.0
30-Apr-2025 09:27:45,NIFTY,2027-06-24,0.0,22000,0.0
30-Apr-2025 09:27:45,NIFTY,2027-12-30,0.0,22000,0.0
30-Apr-2025 09:27:45,NIFTY,2028-06-29,0.0,22000,0.0
30-Apr-2025 09:27:45,NIFTY,2028-12-28,0.0,22000,0.0
30-Apr-2025 09:27:45,NIFTY,2029-06-28,0.0,22000,0.0
30-Apr-2025 09:27:45,NIFTY,2029-12-27,0.0,22000,0.0
30-Apr-2025 09:27:45,NIFTY,2025-04-30,0.0,22050,0.5
30-Apr-2025 09:27:45,NIFTY,2025-05-08,0.0,22050,8.8
30-Apr-2025 09:27:45,NIFTY,2025-05-15,0.0,22050,0.0
30-Apr-2025 09:27:45,NIFTY,2025-05-29,0.0,22050,0.0
30-Apr-2025 09:27:45,NIFTY,2025-06-26,0.0,22050,0.0
30-Apr-2025 09:27:45,NIFTY,2025-04-30,2203.3,22100,0.55
30-Apr-2025 09:27:45,NIFTY,2025-05-08,0.0,22100,9.2
30-Apr-2025 09:27:45,NIFTY,2025-05-15,0.0,22100,0.0
30-Apr-2025 09:27:45,NIFTY,2025-05-22,0.0,22100,42.75
30-Apr-2025 09:27:45,NIFTY,2025-05-29,0.0,22100,55.25
30-Apr-2025 09:27:45,NIFTY,2025-06-26,0.0,22100,0.0
30-Apr-2025 09:27:45,NIFTY,2025-04-30,0.0,22150,0.5
30-Apr-2025 09:27:45,NIFTY,2025-05-08,0.0,22150,10.05
30-Apr-2025 09:27:45,NIFTY,2025-05-15,0.0,22150,23.9
30-Apr-2025 09:27:45,NIFTY,2025-05-22,0.0,22150,0.0
30-Apr-2025 09:27:45,NIFTY,2025-05-29,0.0,22150,49.35
30-Apr-2025 09:27:45,NIFTY,2025-06-26,0.0,22150,0.0
30-Apr-2025 09:27:45,NIFTY,2025-04-30,0.0,22200,0.5
30-Apr-2025 09:27:45,NIFTY,2025-05-08,0.0,22200,10.35
30-Apr-2025 09:27:45,NIFTY,2025-05-15,0.0,22200,28.4
30-Apr-2025 09:27:45,NIFTY,2025-05-22,0.0,22200,0.0
30-Apr-2025 09:27:45,NIFTY,2025-05-29,0.0,22200,59.05
30-Apr-2025 09:27:45,NIFTY,2025-06-26,0.0,22200,116.15
30-Apr-2025 09:27:45,NIFTY,2025-04-30,0.0,22250,0.55
30-Apr-2025 09:27:45,NIFTY,2025-05-08,0.0,22250,11.25
30-Apr-2025 09:27:45,NIFTY,2025-05-15,0.0,22250,0.0
30-Apr-2025 09:27:45,NIFTY,2025-05-22,0.0,22250,0.0
30-Apr-2025 09:27:45,NIFTY,2025-05-29,0.0,22250,61.7
30-Apr-2025 09:27:45,NIFTY,2025-06-26,0.0,22250,0.0
30-Apr-2025 09:27:45,NIFTY,2025-04-30,2000.0,22300,0.5
30-Apr-2025 09:27:45,NIFTY,2025-05-08,0.0,22300,11.9
30-Apr-2025 09:27:45,NIFTY,2025-05-15,0.0,22300,0.0
30-Apr-2025 09:27:45,NIFTY,2025-05-22,0.0,22300,0.0
30-Apr-2025 09:27:45,NIFTY,2025-05-29,2128.65,22300,64.65
30-Apr-2025 09:27:45,NIFTY,2025-06-26,0.0,22300,134.85
30-Apr-2025 09:27:45,NIFTY,2025-07-31,0.0,22300,0.0
30-Apr-2025 09:27:45,NIFTY,2025-04-30,0.0,22350,0.55
30-Apr-2025 09:27:45,NIFTY,2025-05-08,0.0,22350,12.65
30-Apr-2025 09:27:45,NIFTY,2025-05-15,0.0,22350,0.0
30-Apr-2025 09:27:45,NIFTY,2025-05-22,0.0,22350,0.0
30-Apr-2025 09:27:45,NIFTY,2025-05-29,0.0,22350,66.55
30-Apr-2025 09:27:45,NIFTY,2025-06-26,0.0,22350,0.0
30-Apr-2025 09:27:45,NIFTY,2025-07-31,0.0,22350,0.0
30-Apr-2025 09:27:45,NIFTY,2025-04-30,0.0,22400,0.5
30-Apr-2025 09:27:45,NIFTY,2025-05-08,0.0,22400,13.35
30-Apr-2025 09:27:45,NIFTY,2025-05-15,0.0,22400,31.9
30-Apr-2025 09:27:45,NIFTY,2025-05-22,0.0,22400,0.0
30-Apr-2025 09:27:45,NIFTY,2025-05-29,0.0,22400,70.7
30-Apr-2025 09:27:45,NIFTY,2025-06-26,0.0,22400,0.0
30-Apr-2025 09:27:45,NIFTY,2025-07-31,0.0,22400,0.0
30-Apr-2025 09:27:45,NIFTY,2025-04-30,0.0,22450,0.55
30-Apr-2025 09:27:45,NIFTY,2025-05-08,0.0,22450,14.1
30-Apr-2025 09:27:45,NIFTY,2025-05-15,0.0,22450,0.0
30-Apr-2025 09:27:45,NIFTY,2025-05-22,0.0,22450,0.0
30-Apr-2025 09:27:45,NIFTY,2025-05-29,0.0,22450,76.5
30-Apr-2025 09:27:45,NIFTY,2025-06-26,0.0,22450,0.0
30-Apr-2025 09:27:45,NIFTY,2025-07-31,0.0,22450,0.0
30-Apr-2025 09:27:45,NIFTY,2025-04-30,1811.4,22500,0.6
30-Apr-2025 09:27:45,NIFTY,2025-05-08,1820.7,22500,15.05
30-Apr-2025 09:27:45,NIFTY,2025-05-15,1921.4,22500,37.65
30-Apr-2025 09:27:45,NIFTY,2025-05-22,0.0,22500,58.05
30-Apr-2025 09:27:45,NIFTY,2025-05-29,1953.65,22500,76.65
30-Apr-2025 09:27:45,NIFTY,2025-06-26,0.0,22500,151.8
30-Apr-2025 09:27:45,NIFTY,2025-07-31,0.0,22500,209.3
30-Apr-2025 09:27:45,NIFTY,2025-04-30,0.0,22550,0.6
30-Apr-2025 09:27:45,NIFTY,2025-05-08,0.0,22550,16.1
30-Apr-2025 09:27:45,NIFTY,2025-05-15,0.0,22550,0.0
30-Apr-2025 09:27:45,NIFTY,2025-05-22,0.0,22550,0.0
30-Apr-2025 09:27:45,NIFTY,2025-05-29,0.0,22550,76.7
30-Apr-2025 09:27:45,NIFTY,2025-06-26,0.0,22550,0.0
30-Apr-2025 09:27:45,NIFTY,2025-07-31,0.0,22550,0.0
30-Apr-2025 09:27:45,NIFTY,2025-04-30,1681.75,22600,0.7
30-Apr-2025 09:27:45,NIFTY,2025-05-08,0.0,22600,17.2
30-Apr-2025 09:27:45,NIFTY,2025-05-15,0.0,22600,0.0
30-Apr-2025 09:27:45,NIFTY,2025-05-22,0.0,22600,0.0
30-Apr-2025 09:27:45,NIFTY,2025-05-29,1885.45,22600,79.0
30-Apr-2025 09:27:45,NIFTY,2025-06-26,0.0,22600,0.0
30-Apr-2025 09:27:45,NIFTY,2025-07-31,0.0,22600,0.0
30-Apr-2025 09:27:45,NIFTY,2025-04-30,1666.0,22650,0.6
30-Apr-2025 09:27:45,NIFTY,2025-05-08,0.0,22650,18.7
30-Apr-2025 09:27:45,NIFTY,2025-05-15,0.0,22650,0.0
30-Apr-2025 09:27:45,NIFTY,2025-05-22,0.0,22650,0.0
30-Apr-2025 09:27:45,NIFTY,2025-05-29,0.0,22650,84.8
30-Apr-2025 09:27:45,NIFTY,2025-06-26,0.0,22650,0.0
30-Apr-2025 09:27:45,NIFTY,2025-07-31,0.0,22650,0.0
30-Apr-2025 09:27:45,NIFTY,2025-04-30,1589.6,22700,0.65
30-Apr-2025 09:27:45,NIFTY,2025-05-08,1620.0,22700,19.35
30-Apr-2025 09:27:45,NIFTY,2025-05-15,0.0,22700,43.45
30-Apr-2025 09:27:45,NIFTY,2025-05-22,0.0,22700,0.0
30-Apr-2025 09:27:45,NIFTY,2025-05-29,1780.0,22700,89.95
30-Apr-2025 09:27:45,NIFTY,2025-06-26,0.0,22700,0.0
30-Apr-2025 09:27:45,NIFTY,2025-07-31,0.0,22700,231.0
30-Apr-2025 09:27:45,NIFTY,2025-04-30,0.0,22750,0.7
30-Apr-2025 09:27:45,NIFTY,2025-05-08,0.0,22750,20.9
30-Apr-2025 09:27:45,NIFTY,2025-05-15,0.0,22750,0.0
30-Apr-2025 09:27:45,NIFTY,2025-05-22,0.0,22750,0.0
30-Apr-2025 09:27:45,NIFTY,2025-05-29,0.0,22750,88.55
30-Apr-2025 09:27:45,NIFTY,2025-06-26,0.0,22750,0.0
30-Apr-2025 09:27:45,NIFTY,2025-07-31,0.0,22750,0.0
30-Apr-2025 09:27:45,NIFTY,2025-04-30,1500.0,22800,0.7
30-Apr-2025 09:27:45,NIFTY,2025-05-08,1530.0,22800,21.95
30-Apr-2025 09:27:45,NIFTY,2025-05-15,0.0,22800,50.75
30-Apr-2025 09:27:45,NIFTY,2025-05-22,0.0,22800,0.0
30-Apr-2025 09:27:45,NIFTY,2025-05-29,1702.2,22800,97.6
30-Apr-2025 09:27:45,NIFTY,2025-06-26,0.0,22800,171.55
30-Apr-2025 09:27:45,NIFTY,2025-07-31,0.0,22800,245.95
30-Apr-2025 09:27:45,NIFTY,2025-04-30,0.0,22850,0.75
30-Apr-2025 09:27:45,NIFTY,2025-05-08,0.0,22850,23.4
30-Apr-2025 09:27:45,NIFTY,2025-05-15,0.0,22850,0.0
30-Apr-2025 09:27:45,NIFTY,2025-05-22,0.0,22850,0.0
30-Apr-2025 09:27:45,NIFTY,2025-05-29,0.0,22850,102.6
30-Apr-2025 09:27:45,NIFTY,2025-06-26,0.0,22850,0.0
30-Apr-2025 09:27:45,NIFTY,2025-07-31,0.0,22850,0.0
30-Apr-2025 09:27:45,NIFTY,2025-04-30,1399.25,22900,0.7
30-Apr-2025 09:27:45,NIFTY,2025-05-08,0.0,22900,24.9
30-Apr-2025 09:27:45,NIFTY,2025-05-15,0.0,22900,57.8
30-Apr-2025 09:27:45,NIFTY,2025-05-22,0.0,22900,0.0
30-Apr-2025 09:27:45,NIFTY,2025-05-29,0.0,22900,106.85
30-Apr-2025 09:27:45,NIFTY,2025-06-26,0.0,22900,0.0
30-Apr-2025 09:27:45,NIFTY,2025-07-31,0.0,22900,261.0
30-Apr-2025 09:27:45,NIFTY,2025-04-30,1392.1,22950,0.75
30-Apr-2025 09:27:45,NIFTY,2025-05-08,0.0,22950,26.75
30-Apr-2025 09:27:45,NIFTY,2025-05-15,0.0,22950,0.0
30-Apr-2025 09:27:45,NIFTY,2025-05-22,0.0,22950,0.0
30-Apr-2025 09:27:45,NIFTY,2025-05-29,1560.65,22950,110.35
30-Apr-2025 09:27:45,NIFTY,2025-06-26,0.0,22950,0.0
30-Apr-2025 09:27:45,NIFTY,2025-07-31,0.0,22950,0.0
30-Apr-2025 09:27:45,NIFTY,2025-04-30,1289.35,23000,0.8
30-Apr-2025 09:27:45,NIFTY,2025-05-08,1332.9,23000,28.65
30-Apr-2025 09:27:45,NIFTY,2025-05-15,0.0,23000,63.0
30-Apr-2025 09:27:45,NIFTY,2025-05-22,0.0,23000,96.9
30-Apr-2025 09:27:45,NIFTY,2025-05-29,1489.0,23000,117.45
30-Apr-2025 09:27:45,NIFTY,2025-06-26,1688.0,23000,211.7
30-Apr-2025 09:27:45,NIFTY,2025-07-31,0.0,23000,282.6
30-Apr-2025 09:27:45,NIFTY,2025-09-25,2158.75,23000,359.0
30-Apr-2025 09:27:45,NIFTY,2025-12-24,2561.2,23000,442.9
30-Apr-2025 09:27:45,NIFTY,2026-03-26,0.0,23000,0.0
30-Apr-2025 09:27:45,NIFTY,2026-06-25,0.0,23000,0.0
30-Apr-2025 09:27:45,NIFTY,2026-12-31,0.0,23000,0.0
30-Apr-2025 09:27:45,NIFTY,2027-06-24,0.0,23000,0.0
30-Apr-2025 09:27:45,NIFTY,2027-12-30,0.0,23000,0.0
30-Apr-2025 09:27:45,NIFTY,2028-06-29,0.0,23000,0.0
30-Apr-2025 09:27:45,NIFTY,2028-12-28,0.0,23000,0.0
30-Apr-2025 09:27:45,NIFTY,2029-06-28,0.0,23000,0.0
30-Apr-2025 09:27:45,NIFTY,2029-12-27,0.0,23000,0.0
30-Apr-2025 09:27:45,NIFTY,2025-04-30,0.0,23050,0.9
30-Apr-2025 09:27:45,NIFTY,2025-05-08,0.0,23050,30.85
30-Apr-2025 09:27:45,NIFTY,2025-05-15,0.0,23050,61.75
30-Apr-2025 09:27:45,NIFTY,2025-05-22,0.0,23050,0.0
30-Apr-2025 09:27:45,NIFTY,2025-05-29,0.0,23050,122.35
30-Apr-2025 09:27:45,NIFTY,2025-06-26,0.0,23050,0.0
30-Apr-2025 09:27:45,NIFTY,2025-07-31,0.0,23050,0.0
30-Apr-2025 09:27:45,NIFTY,2025-04-30,1186.65,23100,1.0
30-Apr-2025 09:27:45,NIFTY,2025-05-08,1235.15,23100,32.2
30-Apr-2025 09:27:45,NIFTY,2025-05-15,0.0,23100,68.5
30-Apr-2025 09:27:45,NIFTY,2025-05-22,0.0,23100,0.0
30-Apr-2025 09:27:45,NIFTY,2025-05-29,1380.3,23100,129.55
30-Apr-2025 09:27:45,NIFTY,2025-06-26,0.0,23100,0.0
30-Apr-2025 09:27:45,NIFTY,2025-07-31,0.0,23100,0.0
30-Apr-2025 09:27:45,NIFTY,2025-04-30,1136.0,23150,1.05
30-Apr-2025 09:27:45,NIFTY,2025-05-08,0.0,23150,35.0
30-Apr-2025 09:27:45,NIFTY,2025-05-15,0.0,23150,74.65
30-Apr-2025 09:27:45,NIFTY,2025-05-22,0.0,23150,0.0
30-Apr-2025 09:27:45,NIFTY,2025-05-29,0.0,23150,127.1
30-Apr-2025 09:27:45,NIFTY,2025-06-26,0.0,23150,0.0
30-Apr-2025 09:27:45,NIFTY,2025-07-31,0.0,23150,0.0
30-Apr-2025 09:27:45,NIFTY,2025-04-30,1110.7,23200,1.0
30-Apr-2025 09:27:45,NIFTY,2025-05-08,1145.0,23200,36.95
30-Apr-2025 09:27:45,NIFTY,2025-05-15,0.0,23200,78.4
30-Apr-2025 09:27:45,NIFTY,2025-05-22,0.0,23200,0.0
30-Apr-2025 09:27:45,NIFTY,2025-05-29,1322.0,23200,141.55
30-Apr-2025 09:27:45,NIFTY,2025-06-26,1538.35,23200,240.45
30-Apr-2025 09:27:45,NIFTY,2025-07-31,0.0,23200,0.0
30-Apr-2025 09:27:45,NIFTY,2025-04-30,0.0,23250,1.15
30-Apr-2025 09:27:45,NIFTY,2025-05-08,0.0,23250,39.75
30-Apr-2025 09:27:45,NIFTY,2025-05-15,0.0,23250,79.2
30-Apr-2025 09:27:45,NIFTY,2025-05-22,0.0,23250,0.0
30-Apr-2025 09:27:45,NIFTY,2025-05-29,1280.0,23250,148.85
30-Apr-2025 09:27:45,NIFTY,2025-06-26,0.0,23250,0.0
30-Apr-2025 09:27:45,NIFTY,2025-07-31,0.0,23250,0.0
30-Apr-2025 09:27:45,NIFTY,2025-04-30,988.1,23300,1.25
30-Apr-2025 09:27:45,NIFTY,2025-05-08,1049.95,23300,42.4
30-Apr-2025 09:27:45,NIFTY,2025-05-15,0.0,23300,89.55
30-Apr-2025 09:27:45,NIFTY,2025-05-22,0.0,23300,0.0
30-Apr-2025 09:27:45,NIFTY,2025-05-29,1238.3,23300,154.9
30-Apr-2025 09:27:45,NIFTY,2025-06-26,0.0,23300,257.0
30-Apr-2025 09:27:45,NIFTY,2025-07-31,0.0,23300,0.0
30-Apr-2025 09:27:45,NIFTY,2025-04-30,964.0,23350,1.3
30-Apr-2025 09:27:45,NIFTY,2025-05-08,0.0,23350,46.05
30-Apr-2025 09:27:45,NIFTY,2025-05-15,0.0,23350,88.35
30-Apr-2025 09:27:45,NIFTY,2025-05-22,0.0,23350,0.0
30-Apr-2025 09:27:45,NIFTY,2025-05-29,0.0,23350,160.35
30-Apr-2025 09:27:45,NIFTY,2025-06-26,0.0,23350,0.0
30-Apr-2025 09:27:45,NIFTY,2025-07-31,0.0,23350,0.0
30-Apr-2025 09:27:45,NIFTY,2025-04-30,889.1,23400,1.4
30-Apr-2025 09:27:45,NIFTY,2025-05-08,962.5,23400,48.7
30-Apr-2025 09:27:45,NIFTY,2025-05-15,1040.0,23400,100.75
30-Apr-2025 09:27:45,NIFTY,2025-05-22,0.0,23400,133.45
30-Apr-2025 09:27:45,NIFTY,2025-05-29,0.0,23400,171.4
30-Apr-2025 09:27:45,NIFTY,2025-06-26,0.0,23400,279.3
30-Apr-2025 09:27:45,NIFTY,2025-07-31,0.0,23400,0.0
30-Apr-2025 09:27:45,NIFTY,2025-04-30,834.0,23450,1.55
30-Apr-2025 09:27:45,NIFTY,2025-05-08,0.0,23450,53.55
30-Apr-2025 09:27:45,NIFTY,2025-05-15,0.0,23450,103.5
30-Apr-2025 09:27:45,NIFTY,2025-05-22,0.0,23450,0.0
30-Apr-2025 09:27:45,NIFTY,2025-05-29,1100.0,23450,178.25
30-Apr-2025 09:27:45,NIFTY,2025-06-26,0.0,23450,0.0
30-Apr-2025 09:27:45,NIFTY,2025-07-31,0.0,23450,0.0
30-Apr-2025 09:27:45,NIFTY,2025-04-30,786.65,23500,1.55
30-Apr-2025 09:27:45,NIFTY,2025-05-08,864.35,23500,56.5
30-Apr-2025 09:27:45,NIFTY,2025-05-15,960.0,23500,112.2
30-Apr-2025 09:27:45,NIFTY,2025-05-22,1016.8,23500,158.5
30-Apr-2025 09:27:45,NIFTY,2025-05-29,1072.55,23500,188.2
30-Apr-2025 09:27:45,NIFTY,2025-06-26,1290.0,23500,298.05
30-Apr-2025 09:27:45,NIFTY,2025-07-31,0.0,23500,373.35
30-Apr-2025 09:27:45,NIFTY,2025-04-30,763.6,23550,1.75
30-Apr-2025 09:27:45,NIFTY,2025-05-08,818.05,23550,62.05
30-Apr-2025 09:27:45,NIFTY,2025-05-15,0.0,23550,115.0
30-Apr-2025 09:27:45,NIFTY,2025-05-22,0.0,23550,0.0
30-Apr-2025 09:27:45,NIFTY,2025-05-29,1040.0,23550,196.65
30-Apr-2025 09:27:45,NIFTY,2025-06-26,0.0,23550,0.0
30-Apr-2025 09:27:45,NIFTY,2025-07-31,0.0,23550,0.0
30-Apr-2025 09:27:45,NIFTY,2025-04-30,685.0,23600,1.8
30-Apr-2025 09:27:45,NIFTY,2025-05-08,769.5,23600,67.05
30-Apr-2025 09:27:45,NIFTY,2025-05-15,0.0,23600,125.75
30-Apr-2025 09:27:45,NIFTY,2025-05-22,0.0,23600,168.0
30-Apr-2025 09:27:45,NIFTY,2025-05-29,998.0,23600,206.25
30-Apr-2025 09:27:45,NIFTY,2025-06-26,0.0,23600,322.65
30-Apr-2025 09:27:45,NIFTY,2025-07-31,0.0,23600,0.0
30-Apr-2025 09:27:45,NIFTY,2025-04-30,639.5,23650,2.0
30-Apr-2025 09:27:45,NIFTY,2025-05-08,712.05,23650,72.8
30-Apr-2025 09:27:45,NIFTY,2025-05-15,0.0,23650,0.0
30-Apr-2025 09:27:45,NIFTY,2025-05-22,0.0,23650,0.0
30-Apr-2025 09:27:45,NIFTY,2025-05-29,0.0,23650,216.5
30-Apr-2025 09:27:45,NIFTY,2025-06-26,1184.3,23650,0.0
30-Apr-2025 09:27:45,NIFTY,2025-07-31,0.0,23650,0.0
30-Apr-2025 09:27:45,NIFTY,2025-04-30,590.95,23700,2.2
30-Apr-2025 09:27:45,NIFTY,2025-05-08,679.85,23700,78.5
30-Apr-2025 09:27:45,NIFTY,2025-05-15,0.0,23700,145.5
30-Apr-2025 09:27:45,NIFTY,2025-05-22,0.0,23700,181.65
30-Apr-2025 09:27:45,NIFTY,2025-05-29,910.55,23700,228.35
30-Apr-2025 09:27:45,NIFTY,2025-06-26,0.0,23700,343.5
30-Apr-2025 09:27:45,NIFTY,2025-07-31,0.0,23700,0.0
30-Apr-2025 09:27:45,NIFTY,2025-04-30,540.85,23750,2.45
30-Apr-2025 09:27:45,NIFTY,2025-05-08,643.0,23750,83.35
30-Apr-2025 09:27:45,NIFTY,2025-05-15,0.0,23750,156.05
30-Apr-2025 09:27:45,NIFTY,2025-05-22,0.0,23750,0.0
30-Apr-2025 09:27:45,NIFTY,2025-05-29,879.3,23750,240.0
30-Apr-2025 09:27:45,NIFTY,2025-06-26,0.0,23750,0.0
30-Apr-2025 09:27:45,NIFTY,2025-07-31,0.0,23750,0.0
30-Apr-2025 09:27:45,NIFTY,2025-04-30,490.05,23800,2.75
30-Apr-2025 09:27:45,NIFTY,2025-05-08,598.3,23800,89.85
30-Apr-2025 09:27:45,NIFTY,2025-05-15,696.45,23800,167.7
30-Apr-2025 09:27:45,NIFTY,2025-05-22,0.0,23800,0.0
30-Apr-2025 09:27:45,NIFTY,2025-05-29,836.45,23800,250.0
30-Apr-2025 09:27:45,NIFTY,2025-06-26,1062.4,23800,371.0
30-Apr-2025 09:27:45,NIFTY,2025-07-31,0.0,23800,0.0
30-Apr-2025 09:27:45,NIFTY,2025-04-30,440.6,23850,3.05
30-Apr-2025 09:27:45,NIFTY,2025-05-08,556.4,23850,100.45
30-Apr-2025 09:27:45,NIFTY,2025-05-15,665.95,23850,176.5
30-Apr-2025 09:27:45,NIFTY,2025-05-22,0.0,23850,0.0
30-Apr-2025 09:27:45,NIFTY,2025-05-29,806.95,23850,260.7
30-Apr-2025 09:27:45,NIFTY,2025-06-26,1010.3,23850,0.0
30-Apr-2025 09:27:45,NIFTY,2025-07-31,0.0,23850,0.0
30-Apr-2025 09:27:45,NIFTY,2025-04-30,395.25,23900,3.45
30-Apr-2025 09:27:45,NIFTY,2025-05-08,518.0,23900,106.85
30-Apr-2025 09:27:45,NIFTY,2025-05-15,630.95,23900,188.4
30-Apr-2025 09:27:45,NIFTY,2025-05-22,0.0,23900,232.0
30-Apr-2025 09:27:45,NIFTY,2025-05-29,760.8,23900,275.1
30-Apr-2025 09:27:45,NIFTY,2025-06-26,0.0,23900,382.0
30-Apr-2025 09:27:45,NIFTY,2025-07-31,0.0,23900,0.0
30-Apr-2025 09:27:45,NIFTY,2025-04-30,345.95,23950,3.9
30-Apr-2025 09:27:45,NIFTY,2025-05-08,474.6,23950,117.0
30-Apr-2025 09:27:45,NIFTY,2025-05-15,600.7,23950,198.15
30-Apr-2025 09:27:45,NIFTY,2025-05-22,0.0,23950,0.0
30-Apr-2025 09:27:45,NIFTY,2025-05-29,737.0,23950,287.95
30-Apr-2025 09:27:45,NIFTY,2025-06-26,949.95,23950,0.0
30-Apr-2025 09:27:45,NIFTY,2025-07-31,0.0,23950,0.0
30-Apr-2025 09:27:45,NIFTY,2025-04-30,297.95,24000,4.55
30-Apr-2025 09:27:45,NIFTY,2025-05-08,435.0,24000,131.4
30-Apr-2025 09:27:45,NIFTY,2025-05-15,546.7,24000,213.55
30-Apr-2025 09:27:45,NIFTY,2025-05-22,628.35,24000,269.6
30-Apr-2025 09:27:45,NIFTY,2025-05-29,693.55,24000,306.1
30-Apr-2025 09:27:45,NIFTY,2025-06-26,910.3,24000,421.1
30-Apr-2025 09:27:45,NIFTY,2025-07-31,1115.9,24000,505.5
30-Apr-2025 09:27:45,NIFTY,2025-09-25,1453.0,24000,586.0
30-Apr-2025 09:27:45,NIFTY,2025-12-24,1855.0,24000,663.0
30-Apr-2025 09:27:45,NIFTY,2026-03-26,0.0,24000,0.0
30-Apr-2025 09:27:45,NIFTY,2026-06-25,0.0,24000,925.05
30-Apr-2025 09:27:45,NIFTY,2026-12-31,0.0,24000,0.0
30-Apr-2025 09:27:45,NIFTY,2027-06-24,0.0,24000,0.0
30-Apr-2025 09:27:45,NIFTY,2027-12-30,0.0,24000,0.0
30-Apr-2025 09:27:45,NIFTY,2028-06-29,0.0,24000,0.0
30-Apr-2025 09:27:45,NIFTY,2028-12-28,0.0,24000,0.0
30-Apr-2025 09:27:45,NIFTY,2029-06-28,0.0,24000,0.0
30-Apr-2025 09:27:45,NIFTY,2025-04-30,239.15,24050,5.8
30-Apr-2025 09:27:45,NIFTY,2025-05-08,403.95,24050,140.0
30-Apr-2025 09:27:45,NIFTY,2025-05-15,513.0,24050,230.55
30-Apr-2025 09:27:45,NIFTY,2025-05-22,591.4,24050,0.0
30-Apr-2025 09:27:45,NIFTY,2025-05-29,673.0,24050,317.8
30-Apr-2025 09:27:45,NIFTY,2025-06-26,0.0,24050,0.0
30-Apr-2025 09:27:45,NIFTY,2025-07-31,0.0,24050,0.0
30-Apr-2025 09:27:45,NIFTY,2025-04-30,190.65,24100,7.15
30-Apr-2025 09:27:45,NIFTY,2025-05-08,370.2,24100,153.85
30-Apr-2025 09:27:45,NIFTY,2025-05-15,478.35,24100,243.15
30-Apr-2025 09:27:45,NIFTY,2025-05-22,558.95,24100,275.05
30-Apr-2025 09:27:45,NIFTY,2025-05-29,622.25,24100,332.1
30-Apr-2025 09:27:45,NIFTY,2025-06-26,841.0,24100,457.0
30-Apr-2025 09:27:45,NIFTY,2025-07-31,0.0,24100,0.0
30-Apr-2025 09:27:45,NIFTY,2025-04-30,151.35,24150,8.1
30-Apr-2025 09:27:45,NIFTY,2025-05-08,332.7,24150,168.6
30-Apr-2025 09:27:45,NIFTY,2025-05-15,454.3,24150,251.05
30-Apr-2025 09:27:45,NIFTY,2025-05-22,0.0,24150,300.0
30-Apr-2025 09:27:45,NIFTY,2025-05-29,584.5,24150,352.05
30-Apr-2025 09:27:45,NIFTY,2025-06-26,0.0,24150,0.0
30-Apr-2025 09:27:45,NIFTY,2025-07-31,0.0,24150,0.0
30-Apr-2025 09:27:45,NIFTY,2025-04-30,103.5,24200,13.45
30-Apr-2025 09:27:45,NIFTY,2025-05-08,296.25,24200,189.45
30-Apr-2025 09:27:45,NIFTY,2025-05-15,415.7,24200,274.0
30-Apr-2025 09:27:45,NIFTY,2025-05-22,488.4,24200,311.95
30-Apr-2025 09:27:45,NIFTY,2025-05-29,557.15,24200,366.85
30-Apr-2025 09:27:45,NIFTY,2025-06-26,772.85,24200,483.85
30-Apr-2025 09:27:45,NIFTY,2025-07-31,0.0,24200,0.0
30-Apr-2025 09:27:45,NIFTY,2025-04-30,54.8,24250,19.95
30-Apr-2025 09:27:45,NIFTY,2025-05-08,264.7,24250,208.0
30-Apr-2025 09:27:45,NIFTY,2025-05-15,384.2,24250,295.95
30-Apr-2025 09:27:45,NIFTY,2025-05-22,0.0,24250,322.7
30-Apr-2025 09:27:45,NIFTY,2025-05-29,522.8,24250,388.6
30-Apr-2025 09:27:45,NIFTY,2025-06-26,0.0,24250,512.3
30-Apr-2025 09:27:45,NIFTY,2025-07-31,0.0,24250,0.0
30-Apr-2025 09:27:45,NIFTY,2025-04-30,25.95,24300,33.55
30-Apr-2025 09:27:45,NIFTY,2025-05-08,234.35,24300,227.65
30-Apr-2025 09:27:45,NIFTY,2025-05-15,347.85,24300,312.6
30-Apr-2025 09:27:45,NIFTY,2025-05-22,430.0,24300,366.4
30-Apr-2025 09:27:45,NIFTY,2025-05-29,494.9,24300,404.95
30-Apr-2025 09:27:45,NIFTY,2025-06-26,708.0,24300,520.0
30-Apr-2025 09:27:45,NIFTY,2025-07-31,929.0,24300,0.0
30-Apr-2025 09:27:45,NIFTY,2025-04-30,13.25,24350,79.6
30-Apr-2025 09:27:45,NIFTY,2025-05-08,210.5,24350,245.85
30-Apr-2025 09:27:45,NIFTY,2025-05-15,329.1,24350,338.55
30-Apr-2025 09:27:45,NIFTY,2025-05-22,0.0,24350,370.0
30-Apr-2025 09:27:45,NIFTY,2025-05-29,464.0,24350,425.1
30-Apr-2025 09:27:45,NIFTY,2025-06-26,683.95,24350,516.95
30-Apr-2025 09:27:45,NIFTY,2025-07-31,0.0,24350,0.0
30-Apr-2025 09:27:45,NIFTY,2025-04-30,8.55,24400,115.75
30-Apr-2025 09:27:45,NIFTY,2025-05-08,181.85,24400,274.75
30-Apr-2025 09:27:45,NIFTY,2025-05-15,296.5,24400,356.6
30-Apr-2025 09:27:45,NIFTY,2025-05-22,0.0,24400,396.0
30-Apr-2025 09:27:45,NIFTY,2025-05-29,437.3,24400,446.3
30-Apr-2025 09:27:45,NIFTY,2025-06-26,650.1,24400,557.45
30-Apr-2025 09:27:45,NIFTY,2025-07-31,0.0,24400,635.0
30-Apr-2025 09:27:45,NIFTY,2025-04-30,5.7,24450,171.9
30-Apr-2025 09:27:45,NIFTY,2025-05-08,160.65,24450,296.6
30-Apr-2025 09:27:45,NIFTY,2025-05-15,270.8,24450,378.15
30-Apr-2025 09:27:45,NIFTY,2025-05-22,0.0,24450,0.0
30-Apr-2025 09:27:45,NIFTY,2025-05-29,407.2,24450,467.75
30-Apr-2025 09:27:45,NIFTY,2025-06-26,626.0,24450,0.0
30-Apr-2025 09:27:45,NIFTY,2025-07-31,0.0,24450,0.0
30-Apr-2025 09:27:45,NIFTY,2025-04-30,4.1,24500,221.5
30-Apr-2025 09:27:45,NIFTY,2025-05-08,137.05,24500,330.95
30-Apr-2025 09:27:45,NIFTY,2025-05-15,246.15,24500,406.0
30-Apr-2025 09:27:45,NIFTY,2025-05-22,331.6,24500,450.35
30-Apr-2025 09:27:45,NIFTY,2025-05-29,383.25,24500,489.1
30-Apr-2025 09:27:45,NIFTY,2025-06-26,595.0,24500,601.0
30-Apr-2025 09:27:45,NIFTY,2025-07-31,817.45,24500,668.0
30-Apr-2025 09:27:45,NIFTY,2025-04-30,3.05,24550,270.05
30-Apr-2025 09:27:45,NIFTY,2025-05-08,117.75,24550,361.85
30-Apr-2025 09:27:45,NIFTY,2025-05-15,221.55,24550,0.0
30-Apr-2025 09:27:45,NIFTY,2025-05-22,0.0,24550,472.55
30-Apr-2025 09:27:45,NIFTY,2025-05-29,357.8,24550,515.25
30-Apr-2025 09:27:45,NIFTY,2025-06-26,0.0,24550,0.0
30-Apr-2025 09:27:45,NIFTY,2025-07-31,0.0,24550,0.0
30-Apr-2025 09:27:45,NIFTY,2025-04-30,2.4,24600,317.45
30-Apr-2025 09:27:45,NIFTY,2025-05-08,100.1,24600,393.4
30-Apr-2025 09:27:45,NIFTY,2025-05-15,201.05,24600,464.15
30-Apr-2025 09:27:45,NIFTY,2025-05-22,0.0,24600,0.0
30-Apr-2025 09:27:45,NIFTY,2025-05-29,329.55,24600,538.0
30-Apr-2025 09:27:45,NIFTY,2025-06-26,537.0,24600,640.0
30-Apr-2025 09:27:45,NIFTY,2025-07-31,0.0,24600,715.0
30-Apr-2025 09:27:45,NIFTY,2025-04-30,1.85,24650,362.2
30-Apr-2025 09:27:45,NIFTY,2025-05-08,85.45,24650,429.0
30-Apr-2025 09:27:45,NIFTY,2025-05-15,178.5,24650,476.85
30-Apr-2025 09:27:45,NIFTY,2025-05-22,0.0,24650,0.0
30-Apr-2025 09:27:45,NIFTY,2025-05-29,305.0,24650,565.0
30-Apr-2025 09:27:45,NIFTY,2025-06-26,0.0,24650,0.0
30-Apr-2025 09:27:45,NIFTY,2025-07-31,0.0,24650,0.0
30-Apr-2025 09:27:45,NIFTY,2025-04-30,1.55,24700,410.55
30-Apr-2025 09:27:45,NIFTY,2025-05-08,71.85,24700,465.85
30-Apr-2025 09:27:45,NIFTY,2025-05-15,162.85,24700,512.95
30-Apr-2025 09:27:45,NIFTY,2025-05-22,0.0,24700,0.0
30-Apr-2025 09:27:45,NIFTY,2025-05-29,283.2,24700,596.35
30-Apr-2025 09:27:45,NIFTY,2025-06-26,483.0,24700,687.1
30-Apr-2025 09:27:45,NIFTY,2025-07-31,0.0,24700,0.0
30-Apr-2025 09:27:45,NIFTY,2025-04-30,1.45,24750,463.45
30-Apr-2025 09:27:45,NIFTY,2025-05-08,62.1,24750,0.0
30-Apr-2025 09:27:45,NIFTY,2025-05-15,146.65,24750,0.0
30-Apr-2025 09:27:45,NIFTY,2025-05-22,0.0,24750,0.0
30-Apr-2025 09:27:45,NIFTY,2025-05-29,266.0,24750,613.55
30-Apr-2025 09:27:45,NIFTY,2025-06-26,0.0,24750,0.0
30-Apr-2025 09:27:45,NIFTY,2025-07-31,0.0,24750,0.0
30-Apr-2025 09:27:45,NIFTY,2025-04-30,1.25,24800,511.5
30-Apr-2025 09:27:45,NIFTY,2025-05-08,51.65,24800,542.35
30-Apr-2025 09:27:45,NIFTY,2025-05-15,127.5,24800,0.0
30-Apr-2025 09:27:45,NIFTY,2025-05-22,190.0,24800,0.0
30-Apr-2025 09:27:45,NIFTY,2025-05-29,241.65,24800,648.0
30-Apr-2025 09:27:45,NIFTY,2025-06-26,436.5,24800,739.95
30-Apr-2025 09:27:45,NIFTY,2025-07-31,0.0,24800,0.0
30-Apr-2025 09:27:45,NIFTY,2025-04-30,1.2,24850,571.9
30-Apr-2025 09:27:45,NIFTY,2025-05-08,42.4,24850,572.1
30-Apr-2025 09:27:45,NIFTY,2025-05-15,110.25,24850,0.0
30-Apr-2025 09:27:45,NIFTY,2025-05-22,0.0,24850,0.0
30-Apr-2025 09:27:45,NIFTY,2025-05-29,222.9,24850,665.95
30-Apr-2025 09:27:45,NIFTY,2025-06-26,413.8,24850,750.35
30-Apr-2025 09:27:45,NIFTY,2025-07-31,0.0,24850,0.0
30-Apr-2025 09:27:45,NIFTY,2025-04-30,1.1,24900,616.35
30-Apr-2025 09:27:45,NIFTY,2025-05-08,35.05,24900,0.0
30-Apr-2025 09:27:45,NIFTY,2025-05-15,99.7,24900,0.0
30-Apr-2025 09:27:45,NIFTY,2025-05-22,0.0,24900,0.0
30-Apr-2025 09:27:45,NIFTY,2025-05-29,203.35,24900,698.45
30-Apr-2025 09:27:45,NIFTY,2025-06-26,391.1,24900,0.0
30-Apr-2025 09:27:45,NIFTY,2025-07-31,0.0,24900,0.0
30-Apr-2025 09:27:45,NIFTY,2025-04-30,0.95,24950,0.0
30-Apr-2025 09:27:45,NIFTY,2025-05-08,29.5,24950,0.0
30-Apr-2025 09:27:45,NIFTY,2025-05-15,87.5,24950,0.0
30-Apr-2025 09:27:45,NIFTY,2025-05-22,0.0,24950,0.0
30-Apr-2025 09:27:45,NIFTY,2025-05-29,186.0,24950,729.95
30-Apr-2025 09:27:45,NIFTY,2025-06-26,0.0,24950,0.0
30-Apr-2025 09:27:45,NIFTY,2025-07-31,0.0,24950,0.0
30-Apr-2025 09:27:45,NIFTY,2025-04-30,0.9,25000,708.9
30-Apr-2025 09:27:45,NIFTY,2025-05-08,24.5,25000,715.35
30-Apr-2025 09:27:45,NIFTY,2025-05-15,75.25,25000,0.0
30-Apr-2025 09:27:45,NIFTY,2025-05-22,129.3,25000,0.0
30-Apr-2025 09:27:45,NIFTY,2025-05-29,169.85,25000,770.65
30-Apr-2025 09:27:45,NIFTY,2025-06-26,352.8,25000,849.25
30-Apr-2025 09:27:45,NIFTY,2025-07-31,542.65,25000,890.5
30-Apr-2025 09:27:45,NIFTY,2025-09-25,815.0,25000,912.0
30-Apr-2025 09:27:45,NIFTY,2025-12-24,1205.0,25000,964.15
30-Apr-2025 09:27:45,NIFTY,2026-03-26,0.0,25000,0.0
30-Apr-2025 09:27:45,NIFTY,2026-06-25,0.0,25000,0.0
30-Apr-2025 09:27:45,NIFTY,2026-12-31,0.0,25000,0.0
30-Apr-2025 09:27:45,NIFTY,2027-06-24,0.0,25000,0.0
30-Apr-2025 09:27:45,NIFTY,2027-12-30,0.0,25000,0.0
30-Apr-2025 09:27:45,NIFTY,2028-06-29,0.0,25000,0.0
30-Apr-2025 09:27:45,NIFTY,2028-12-28,0.0,25000,0.0
30-Apr-2025 09:27:45,NIFTY,2029-06-28,0.0,25000,0.0
30-Apr-2025 09:27:45,NIFTY,2029-12-27,0.0,25000,0.0
30-Apr-2025 09:27:45,NIFTY,2025-04-30,0.85,25050,0.0
30-Apr-2025 09:27:45,NIFTY,2025-05-08,20.4,25050,0.0
30-Apr-2025 09:27:45,NIFTY,2025-05-15,71.55,25050,0.0
30-Apr-2025 09:27:45,NIFTY,2025-05-22,0.0,25050,0.0
30-Apr-2025 09:27:45,NIFTY,2025-05-29,154.35,25050,0.0
30-Apr-2025 09:27:45,NIFTY,2025-06-26,0.0,25050,0.0
30-Apr-2025 09:27:45,NIFTY,2025-07-31,0.0,25050,0.0
30-Apr-2025 09:27:45,NIFTY,2025-04-30,0.75,25100,0.0
30-Apr-2025 09:27:45,NIFTY,2025-05-08,16.8,25100,829.3
30-Apr-2025 09:27:45,NIFTY,2025-05-15,59.0,25100,0.0
30-Apr-2025 09:27:45,NIFTY,2025-05-22,0.0,25100,0.0
30-Apr-2025 09:27:45,NIFTY,2025-05-29,140.8,25100,833.95
30-Apr-2025 09:27:45,NIFTY,2025-06-26,310.95,25100,0.0
30-Apr-2025 09:27:45,NIFTY,2025-07-31,0.0,25100,0.0
30-Apr-2025 09:27:45,NIFTY,2025-04-30,0.75,25150,0.0
30-Apr-2025 09:27:45,NIFTY,2025-05-08,14.1,25150,0.0
30-Apr-2025 09:27:45,NIFTY,2025-05-15,0.0,25150,0.0
30-Apr-2025 09:27:45,NIFTY,2025-05-22,0.0,25150,0.0
30-Apr-2025 09:27:45,NIFTY,2025-05-29,128.85,25150,875.25
30-Apr-2025 09:27:45,NIFTY,2025-06-26,0.0,25150,0.0
30-Apr-2025 09:27:45,NIFTY,2025-07-31,0.0,25150,0.0
30-Apr-2025 09:27:45,NIFTY,2025-04-30,0.75,25200,911.65
30-Apr-2025 09:27:45,NIFTY,2025-05-08,11.4,25200,887.95
30-Apr-2025 09:27:45,NIFTY,2025-05-15,42.95,25200,0.0
30-Apr-2025 09:27:45,NIFTY,2025-05-22,0.0,25200,0.0
30-Apr-2025 09:27:45,NIFTY,2025-05-29,116.4,25200,919.0
30-Apr-2025 09:27:45,NIFTY,2025-06-26,275.1,25200,0.0
30-Apr-2025 09:27:45,NIFTY,2025-07-31,0.0,25200,0.0
30-Apr-2025 09:27:45,NIFTY,2025-04-30,0.65,25250,0.0
30-Apr-2025 09:27:45,NIFTY,2025-05-08,9.85,25250,0.0
30-Apr-2025 09:27:45,NIFTY,2025-05-15,46.15,25250,0.0
30-Apr-2025 09:27:45,NIFTY,2025-05-22,0.0,25250,0.0
30-Apr-2025 09:27:45,NIFTY,2025-05-29,105.25,25250,951.25
30-Apr-2025 09:27:45,NIFTY,2025-06-26,0.0,25250,0.0
30-Apr-2025 09:27:45,NIFTY,2025-07-31,0.0,25250,0.0
30-Apr-2025 09:27:45,NIFTY,2025-04-30,0.65,25300,1012.35
30-Apr-2025 09:27:45,NIFTY,2025-05-08,8.25,25300,0.0
30-Apr-2025 09:27:45,NIFTY,2025-05-15,33.7,25300,0.0
30-Apr-2025 09:27:45,NIFTY,2025-05-22,0.0,25300,0.0
30-Apr-2025 09:27:45,NIFTY,2025-05-29,95.05,25300,1001.5
30-Apr-2025 09:27:45,NIFTY,2025-06-26,244.8,25300,0.0
30-Apr-2025 09:27:45,NIFTY,2025-07-31,0.0,25300,0.0
30-Apr-2025 09:27:45,NIFTY,2025-04-30,0.6,25350,0.0
30-Apr-2025 09:27:45,NIFTY,2025-05-08,7.05,25350,0.0
30-Apr-2025 09:27:45,NIFTY,2025-05-15,27.75,25350,0.0
30-Apr-2025 09:27:45,NIFTY,2025-05-22,0.0,25350,0.0
30-Apr-2025 09:27:45,NIFTY,2025-05-29,86.45,25350,1031.8
30-Apr-2025 09:27:45,NIFTY,2025-06-26,0.0,25350,1050.2
30-Apr-2025 09:27:45,NIFTY,2025-07-31,0.0,25350,0.0
30-Apr-2025 09:27:45,NIFTY,2025-04-30,0.65,25400,0.0
30-Apr-2025 09:27:45,NIFTY,2025-05-08,6.1,25400,0.0
30-Apr-2025 09:27:45,NIFTY,2025-05-15,26.85,25400,0.0
30-Apr-2025 09:27:45,NIFTY,2025-05-22,58.2,25400,0.0
30-Apr-2025 09:27:45,NIFTY,2025-05-29,78.0,25400,1066.45
30-Apr-2025 09:27:45,NIFTY,2025-06-26,216.75,25400,0.0
30-Apr-2025 09:27:45,NIFTY,2025-07-31,0.0,25400,0.0
30-Apr-2025 09:27:45,NIFTY,2025-04-30,0.65,25450,0.0
30-Apr-2025 09:27:45,NIFTY,2025-05-08,5.5,25450,0.0
30-Apr-2025 09:27:45,NIFTY,2025-05-15,21.9,25450,0.0
30-Apr-2025 09:27:45,NIFTY,2025-05-22,0.0,25450,0.0
30-Apr-2025 09:27:45,NIFTY,2025-05-29,71.3,25450,0.0
30-Apr-2025 09:27:45,NIFTY,2025-06-26,0.0,25450,1118.3
30-Apr-2025 09:27:45,NIFTY,2025-07-31,0.0,25450,0.0
30-Apr-2025 09:27:45,NIFTY,2025-04-30,0.5,25500,1210.0
30-Apr-2025 09:27:45,NIFTY,2025-05-08,4.7,25500,1199.4
30-Apr-2025 09:27:45,NIFTY,2025-05-15,20.85,25500,0.0
30-Apr-2025 09:27:45,NIFTY,2025-05-22,41.95,25500,0.0
30-Apr-2025 09:27:45,NIFTY,2025-05-29,63.4,25500,1162.0
30-Apr-2025 09:27:45,NIFTY,2025-06-26,189.05,25500,1180.05
30-Apr-2025 09:27:45,NIFTY,2025-07-31,340.0,25500,1170.15
30-Apr-2025 09:27:45,NIFTY,2025-04-30,0.55,25550,0.0
30-Apr-2025 09:27:45,NIFTY,2025-05-08,4.05,25550,0.0
30-Apr-2025 09:27:45,NIFTY,2025-05-15,20.05,25550,0.0
30-Apr-2025 09:27:45,NIFTY,2025-05-22,0.0,25550,0.0
30-Apr-2025 09:27:45,NIFTY,2025-05-29,56.55,25550,0.0
30-Apr-2025 09:27:45,NIFTY,2025-06-26,0.0,25550,0.0
30-Apr-2025 09:27:45,NIFTY,2025-07-31,0.0,25550,0.0
30-Apr-2025 09:27:45,NIFTY,2025-04-30,0.6,25600,0.0
30-Apr-2025 09:27:45,NIFTY,2025-05-08,3.55,25600,1328.25
30-Apr-2025 09:27:45,NIFTY,2025-05-15,15.7,25600,0.0
30-Apr-2025 09:27:45,NIFTY,2025-05-22,0.0,25600,0.0
30-Apr-2025 09:27:45,NIFTY,2025-05-29,52.55,25600,0.0
30-Apr-2025 09:27:45,NIFTY,2025-06-26,166.25,25600,0.0
30-Apr-2025 09:27:45,NIFTY,2025-07-31,328.5,25600,0.0
30-Apr-2025 09:27:45,NIFTY,2025-04-30,0.55,25650,0.0
30-Apr-2025 09:27:45,NIFTY,2025-05-08,3.2,25650,0.0
30-Apr-2025 09:27:45,NIFTY,2025-05-15,0.0,25650,0.0
30-Apr-2025 09:27:45,NIFTY,2025-05-22,0.0,25650,0.0
30-Apr-2025 09:27:45,NIFTY,2025-05-29,47.5,25650,0.0
30-Apr-2025 09:27:45,NIFTY,2025-06-26,0.0,25650,0.0
30-Apr-2025 09:27:45,NIFTY,2025-07-31,0.0,25650,0.0
30-Apr-2025 09:27:45,NIFTY,2025-04-30,0.55,25700,0.0
30-Apr-2025 09:27:45,NIFTY,2025-05-08,2.7,25700,0.0
30-Apr-2025 09:27:45,NIFTY,2025-05-15,17.5,25700,0.0
30-Apr-2025 09:27:45,NIFTY,2025-05-22,32.35,25700,0.0
30-Apr-2025 09:27:45,NIFTY,2025-05-29,43.3,25700,0.0
30-Apr-2025 09:27:45,NIFTY,2025-06-26,144.0,25700,0.0
30-Apr-2025 09:27:45,NIFTY,2025-07-31,0.0,25700,0.0
30-Apr-2025 09:27:45,NIFTY,2025-04-30,0.55,25750,0.0
30-Apr-2025 09:27:45,NIFTY,2025-05-08,2.6,25750,0.0
30-Apr-2025 09:27:45,NIFTY,2025-05-15,0.0,25750,0.0
30-Apr-2025 09:27:45,NIFTY,2025-05-22,0.0,25750,0.0
30-Apr-2025 09:27:45,NIFTY,2025-05-29,0.0,25750,0.0
30-Apr-2025 09:27:45,NIFTY,2025-06-26,0.0,25750,0.0
30-Apr-2025 09:27:45,NIFTY,2025-07-31,0.0,25750,0.0
30-Apr-2025 09:27:45,NIFTY,2025-04-30,0.5,25800,0.0
30-Apr-2025 09:27:45,NIFTY,2025-05-08,2.4,25800,0.0
30-Apr-2025 09:27:45,NIFTY,2025-05-15,9.25,25800,0.0
30-Apr-2025 09:27:45,NIFTY,2025-05-22,0.0,25800,0.0
30-Apr-2025 09:27:45,NIFTY,2025-05-29,36.45,25800,0.0
30-Apr-2025 09:27:45,NIFTY,2025-06-26,0.0,25800,0.0
30-Apr-2025 09:27:45,NIFTY,2025-07-31,0.0,25800,0.0
30-Apr-2025 09:27:45,NIFTY,2025-04-30,0.55,25850,0.0
30-Apr-2025 09:27:45,NIFTY,2025-05-08,2.3,25850,0.0
30-Apr-2025 09:27:45,NIFTY,2025-05-15,0.0,25850,0.0
30-Apr-2025 09:27:45,NIFTY,2025-05-22,0.0,25850,0.0
30-Apr-2025 09:27:45,NIFTY,2025-05-29,33.5,25850,0.0
30-Apr-2025 09:27:45,NIFTY,2025-06-26,118.7,25850,0.0
30-Apr-2025 09:27:45,NIFTY,2025-07-31,0.0,25850,0.0
30-Apr-2025 09:27:45,NIFTY,2025-04-30,0.5,25900,0.0
30-Apr-2025 09:27:45,NIFTY,2025-05-08,2.2,25900,0.0
30-Apr-2025 09:27:45,NIFTY,2025-05-15,7.2,25900,0.0
30-Apr-2025 09:27:45,NIFTY,2025-05-22,20.4,25900,0.0
30-Apr-2025 09:27:45,NIFTY,2025-05-29,31.0,25900,0.0
30-Apr-2025 09:27:45,NIFTY,2025-06-26,0.0,25900,0.0
30-Apr-2025 09:27:45,NIFTY,2025-07-31,0.0,25900,0.0
30-Apr-2025 09:27:45,NIFTY,2025-04-30,0.55,25950,0.0
30-Apr-2025 09:27:45,NIFTY,2025-05-08,2.2,25950,0.0
30-Apr-2025 09:27:45,NIFTY,2025-05-15,0.0,25950,0.0
30-Apr-2025 09:27:45,NIFTY,2025-05-22,0.0,25950,0.0
30-Apr-2025 09:27:45,NIFTY,2025-05-29,0.0,25950,0.0
30-Apr-2025 09:27:45,NIFTY,2025-06-26,0.0,25950,0.0
30-Apr-2025 09:27:45,NIFTY,2025-07-31,0.0,25950,0.0
30-Apr-2025 09:27:45,NIFTY,2025-04-30,0.45,26000,0.0
30-Apr-2025 09:27:45,NIFTY,2025-05-08,2.25,26000,0.0
30-Apr-2025 09:27:45,NIFTY,2025-05-15,6.2,26000,0.0
30-Apr-2025 09:27:45,NIFTY,2025-05-22,14.05,26000,0.0
30-Apr-2025 09:27:45,NIFTY,2025-05-29,26.4,26000,1625.0
30-Apr-2025 09:27:45,NIFTY,2025-06-26,93.0,26000,1568.6
30-Apr-2025 09:27:45,NIFTY,2025-07-31,201.0,26000,0.0
30-Apr-2025 09:27:45,NIFTY,2025-09-25,395.75,26000,1445.25
30-Apr-2025 09:27:45,NIFTY,2025-12-24,700.0,26000,1405.0
30-Apr-2025 09:27:45,NIFTY,2026-06-25,0.0,26000,0.0
30-Apr-2025 09:27:45,NIFTY,2026-12-31,0.0,26000,0.0
30-Apr-2025 09:27:45,NIFTY,2027-06-24,0.0,26000,0.0
30-Apr-2025 09:27:45,NIFTY,2027-12-30,0.0,26000,0.0
30-Apr-2025 09:27:45,NIFTY,2028-06-29,0.0,26000,0.0
30-Apr-2025 09:27:45,NIFTY,2028-12-28,0.0,26000,0.0
30-Apr-2025 09:27:45,NIFTY,2029-06-28,0.0,26000,0.0
30-Apr-2025 09:27:45,NIFTY,2029-12-27,0.0,26000,0.0
30-Apr-2025 09:27:45,NIFTY,2025-04-30,0.5,26050,0.0
30-Apr-2025 09:27:45,NIFTY,2025-05-08,2.15,26050,0.0
30-Apr-2025 09:27:45,NIFTY,2025-05-15,6.9,26050,0.0
30-Apr-2025 09:27:45,NIFTY,2025-05-22,15.2,26050,0.0
30-Apr-2025 09:27:45,NIFTY,2025-05-29,24.5,26050,0.0
30-Apr-2025 09:27:45,NIFTY,2025-06-26,0.0,26050,0.0
30-Apr-2025 09:27:45,NIFTY,2025-07-31,0.0,26050,0.0
30-Apr-2025 09:27:45,NIFTY,2025-04-30,0.45,26100,0.0
30-Apr-2025 09:27:45,NIFTY,2025-05-08,2.2,26100,0.0
30-Apr-2025 09:27:45,NIFTY,2025-05-15,5.05,26100,0.0
30-Apr-2025 09:27:45,NIFTY,2025-05-22,0.0,26100,0.0
30-Apr-2025 09:27:45,NIFTY,2025-05-29,21.85,26100,0.0
30-Apr-2025 09:27:45,NIFTY,2025-06-26,0.0,26100,0.0
30-Apr-2025 09:27:45,NIFTY,2025-07-31,0.0,26100,0.0
30-Apr-2025 09:27:45,NIFTY,2025-06-26,27.2,27000,2485.15
30-Apr-2025 09:27:45,NIFTY,2025-09-25,162.0,27000,0.0
30-Apr-2025 09:27:45,NIFTY,2025-12-24,371.0,27000,0.0
30-Apr-2025 09:27:45,NIFTY,2026-03-26,0.0,27000,0.0
30-Apr-2025 09:27:45,NIFTY,2026-06-25,0.0,27000,0.0
30-Apr-2025 09:27:45,NIFTY,2026-12-31,0.0,27000,0.0
30-Apr-2025 09:27:45,NIFTY,2027-06-24,0.0,27000,0.0
30-Apr-2025 09:27:45,NIFTY,2027-12-30,0.0,27000,0.0
30-Apr-2025 09:27:45,NIFTY,2028-06-29,0.0,27000,0.0
30-Apr-2025 09:27:45,NIFTY,2028-12-28,0.0,27000,0.0
30-Apr-2025 09:27:45,NIFTY,2029-06-28,0.0,27000,0.0
30-Apr-2025 09:27:45,NIFTY,2029-12-27,0.0,27000,0.0
30-Apr-2025 09:27:45,NIFTY,2025-06-26,15.85,28000,3467.5
30-Apr-2025 09:27:45,NIFTY,2025-09-25,63.15,28000,0.0
30-Apr-2025 09:27:45,NIFTY,2025-12-24,185.15,28000,2681.75
30-Apr-2025 09:27:45,NIFTY,2026-03-26,0.0,28000,0.0
30-Apr-2025 09:27:45,NIFTY,2026-06-25,0.0,28000,0.0
30-Apr-2025 09:27:45,NIFTY,2026-12-31,0.0,28000,0.0
30-Apr-2025 09:27:45,NIFTY,2028-06-29,0.0,28000,0.0
30-Apr-2025 09:27:45,NIFTY,2028-12-28,0.0,28000,0.0
30-Apr-2025 09:27:45,NIFTY,2029-06-28,0.0,28000,0.0
30-Apr-2025 09:27:45,NIFTY,2029-12-27,0.0,28000,0.0
30-Apr-2025 09:27:45,NIFTY,2025-06-26,12.05,29000,4407.05
30-Apr-2025 09:27:45,NIFTY,2025-09-25,36.0,29000,0.0
30-Apr-2025 09:27:45,NIFTY,2025-12-24,101.65,29000,0.0
30-Apr-2025 09:27:45,NIFTY,2026-03-26,0.0,29000,0.0
30-Apr-2025 09:27:45,NIFTY,2026-06-25,0.0,29000,0.0
30-Apr-2025 09:27:45,NIFTY,2026-12-31,0.0,29000,0.0
30-Apr-2025 09:27:45,NIFTY,2028-12-28,0.0,29000,0.0
30-Apr-2025 09:27:45,NIFTY,2029-06-28,0.0,29000,0.0
30-Apr-2025 09:27:45,NIFTY,2029-12-27,0.0,29000,0.0
30-Apr-2025 09:27:45,NIFTY,2025-06-26,10.0,30000,0.0
30-Apr-2025 09:27:45,NIFTY,2025-12-24,65.0,30000,0.0
30-Apr-2025 09:27:45,NIFTY,2025-12-24,0.0,31000,0.0
